site,date,treat,plant,leafnum,vol.ml,notes,wyeo.1mm,wyeo.2mm,wyeo.4mm,wyeo.6mm,wyeo.pup,met.05mm,met.1mm,met.2mm,met.3mm,met.5mm,flet.4mm,flet.8mm,flet.10mm,flet.12mm,flet.14mm,sarraceniopus,hab.per05ml,protists,headcaps,,,
Molly,20000628,1,1,1,1.2,,0,0,0,0,0,0,0,0,0,0,0,0,0,0,0,0,0,0,3,,,
Molly,20000628,1,2,1,1.4,,0,0,0,0,0,0,0,0,0,0,0,0,0,0,0,5,0,1,0,,,
Molly,20000628,1,3,1,3,,1,0,0,0,0,1,0,0,0,0,0,0,0,0,0,2,0,0,5,,,
Molly,20000628,1,4,1,3.2,,0,0,0,0,0,0,6,0,2,0,0,0,0,0,0,2,2,0,0,,,
Molly,20000628,1,5,1,4,,0,0,0,0,0,1,2,0,0,0,0,0,0,0,0,6,0,0,3,,,
Molly,20000628,1,6,1,2.4,,0,1,0,0,0,6,0,0,0,0,0,0,0,0,0,2,0,0,0,,,
Molly,20000628,1,7,1,1,,0,0,0,0,0,1,0,0,0,0,0,0,0,0,0,0,0,0,13,,,
Molly,20000628,1,8,1,7.8,,0,0,0,0,0,0,6,0,0,0,0,1,0,0,0,13,0,0,0,,,
Molly,20000628,1,9,1,2.2,,0,0,0,0,0,0,0,0,0,0,0,0,0,0,0,7,0,0,5,,,
Molly,20000628,1,10,1,7.8,,0,0,0,0,0,0,9,0,1,0,0,0,0,0,0,0,0,0,1,,,
Molly,20000628,1,11,1,10,,0,0,0,0,0,1,0,0,0,0,0,0,0,0,0,0,9,0,0,,,
Molly,20000628,1,12,1,5,,0,2,0,0,0,0,2,0,0,0,0,0,0,0,0,1,0,0,2,,,
Molly,20000628,1,13,1,5.8,,0,4,0,0,0,0,1,0,0,0,0,1,0,0,0,5,0,0,4,,,
Molly,20000628,1,14,1,5.9,,0,0,1,0,0,0,1,0,0,0,0,1,0,0,0,3,0,0,4,,,
Molly,20000628,1,15,1,1.2,,0,0,0,0,0,0,0,0,0,0,0,1,0,0,0,2,0,0,1,,,
Molly,20000628,1,16,1,1.4,,0,0,0,0,0,0,0,0,0,0,0,0,0,0,0,9,1,0,6,,,
Molly,20000628,1,17,1,4,,0,0,0,0,0,0,3,0,0,0,0,0,0,0,0,3,0,0,1,,,
Molly,20000628,1,18,1,4.2,,0,0,3,0,0,0,7,0,0,0,0,0,0,0,0,1,0,0,4,,,
Molly,20000628,1,19,1,2.8,,0,0,0,0,0,0,0,0,0,0,0,0,0,0,0,3,0,0,0,,,
Molly,20000628,1,20,1,1.2,,0,0,0,0,0,0,0,0,0,0,0,0,0,0,0,5,0,0,0,,,
Molly,20000628,4,2,1,5.6,,5,0,0,0,0,0,0,0,0,0,0,0,0,0,0,0,2,1,2,,,
Molly,20000628,4,7,1,2.6,,0,0,0,0,0,0,0,0,0,0,0,0,0,0,0,3,0,0,0,,,
Molly,20000628,4,14,1,4.2,,0,0,0,0,0,0,0,0,0,0,0,0,0,0,0,1,0,0,7,,,
Molly,20000628,4,16,1,0.2,,0,0,0,0,0,0,1,0,0,0,0,0,0,0,0,,,,0,,,
Molly,20000628,4,16,2,1,,1,0,0,0,0,0,2,0,0,0,0,0,0,0,0,4,0,0,0,,,
Molly,20000628,4,3,1,5,,0,0,0,0,0,0,1,0,2,0,0,1,0,0,0,0,0,0,13,,,
Molly,20000628,4,20,1,5,,0,0,0,0,0,1,7,0,4,0,0,0,0,0,0,0,0,0,3,,,
Molly,20000628,4,10,1,7,,0,1,0,0,0,2,5,0,0,0,0,0,0,0,0,0,0,0,5,,,
Molly,20000628,4,18,1,0.2,,0,0,0,0,0,0,0,0,0,0,0,0,0,0,0,,,,1,,,
Molly,20000628,4,18,2,1.3,,0,0,0,0,0,0,0,0,0,0,0,0,0,0,0,4,0,0,1,,,
Molly,20000628,4,11,1,3.8,,0,0,0,0,0,0,0,0,0,0,0,0,0,0,0,3,0,0,4,,,
Molly,20000628,4,15,1,3,,0,0,0,0,0,0,1,0,0,0,0,1,0,0,0,1,0,0,2,,,
Molly,20000628,4,6,1,2.8,,0,0,0,0,0,0,1,0,0,0,0,1,0,0,0,0,0,0,2,,,
Molly,20000628,4,19,1,5,,1,1,0,0,0,4,1,0,1,0,0,0,0,0,0,0,0,0,0,,,
Molly,20000628,4,4,1,6.6,,0,0,0,0,0,0,0,0,1,0,0,0,0,0,0,5,0,0,1,,,
Molly,20000628,4,9,1,4.6,,0,0,0,0,0,1,1,0,0,0,0,0,0,0,0,0,0,0,8,,,
Molly,20000628,4,12,1,2.5,,0,0,0,0,0,0,0,0,0,0,0,0,0,0,0,4,0,0,0,,,
Molly,20000628,4,13,1,3.2,,0,0,0,0,0,1,0,0,0,0,0,0,0,0,0,1,0,0,4,,,
Molly,20000628,4,8,1,1.2,,0,0,0,0,0,0,8,0,0,0,0,0,0,0,0,1,0,0,1,,,
Molly,20000628,4,5,1,3.2,,1,0,0,0,0,4,2,0,0,0,0,0,0,0,0,3,0,0,0,,,
Molly,20000628,4,1,1,6,,0,0,0,0,0,0,1,0,0,0,0,0,0,0,0,1,0,0,1,,,
Molly,20000628,4,17,1,6.2,,0,1,3,0,0,2,17,0,0,0,0,0,0,0,0,1,0,0,0,,,
Molly,20000705,1,1,1,1.3,,0,0,0,0,0,0,0,0,0,0,0,0,0,0,0,2,11,0,0,,,
Molly,20000705,1,2,1,1.2,,0,0,0,0,0,0,0,1,0,0,0,1,0,0,0,0,0,0,17,,,
Molly,20000705,1,3,1,3.2,,0,0,0,0,0,0,8,0,0,0,0,0,0,0,0,3,2,0,4,,,
Molly,20000705,1,4,1,2.3,,0,0,0,0,0,0,3,0,0,0,0,0,0,0,0,5,26,0,4,,,
Molly,20000705,1,5,1,3.7,,0,0,0,0,0,0,0,0,0,0,0,0,0,0,0,5,1,0,0,,,
Molly,20000705,1,6,1,1,,0,1,0,0,0,0,0,0,0,0,0,0,0,0,0,4,13,0,0,,,
Molly,20000705,1,7,1,0.9,,0,0,0,0,0,1,1,0,0,0,0,0,0,0,0,0,6,0,2,,,
Molly,20000705,1,8,1,6.6,,0,0,1,0,0,0,0,2,0,0,0,0,0,0,0,5,1,0,1,,,
Molly,20000705,1,9,1,2,,0,0,0,0,0,1,0,0,0,0,0,0,0,0,0,7,13,0,3,,,
Molly,20000705,1,10,1,6.9,,0,1,0,0,0,0,5,5,0,0,0,0,0,0,0,2,17,0,2,,,
Molly,20000705,1,11,1,10.6,,0,0,0,0,0,1,0,1,0,0,0,0,0,1,0,1,13,0,1,,,
Molly,20000705,1,12,1,3.4,,0,0,0,0,0,0,3,0,0,0,0,0,0,0,0,17,34,200,3,,,
Molly,20000705,1,13,1,4.6,,0,0,1,2,0,0,2,3,0,0,0,0,0,0,0,20,0,0,1,,,
Molly,20000705,1,14,1,5,,0,0,0,1,0,0,0,1,0,0,0,0,0,0,0,0,0,0,9,,,
Molly,20000705,1,15,1,2,,0,0,0,0,0,0,0,0,0,0,0,0,0,0,0,0,3,0,0,,,
Molly,20000705,1,16,1,1.5,,0,1,0,0,0,2,1,0,0,0,0,0,0,0,0,0,3,20,10,,,
Molly,20000705,1,17,1,3,,0,0,0,0,0,0,1,0,0,0,0,0,0,0,1,0,17,0,1,,,
Molly,20000705,1,18,1,3.5,,0,0,2,1,0,0,0,14,6,0,0,0,0,0,0,6,1,0,23,,,
Molly,20000705,1,19,1,2.8,,0,0,0,0,0,0,0,0,0,0,0,0,0,0,0,17,2,400,2,,,
Molly,20000705,1,20,1,0.8,,0,0,0,0,0,0,0,0,0,0,0,0,0,0,0,0,0,0,0,,,
Molly,20000705,4,1,1,4.4,,0,0,0,0,0,0,2,2,0,0,0,0,0,0,0,4,1,0,2,,,
Molly,20000705,4,2,1,7.2,,2,2,1,0,0,0,0,0,0,0,0,0,1,0,0,5,4,0,3,,,
Molly,20000705,4,3,1,4.1,,0,0,0,0,0,0,2,0,0,0,0,0,0,0,0,0,43,0,15,,,
Molly,20000705,4,4,1,6.4,,0,2,0,0,0,3,2,0,1,0,0,0,0,0,0,6,0,0,4,,,
Molly,20000705,4,5,1,2.2,,0,0,0,0,0,0,5,6,0,0,0,1,0,0,0,23,19,0,2,,,
Molly,20000705,4,6,1,1.6,,0,0,0,0,0,0,0,1,0,0,0,1,0,0,0,5,32,0,2,,,
Molly,20000705,4,7,1,3.4,,0,0,0,0,0,0,0,0,0,0,0,0,1,0,1,4,14,400,3,,,
Molly,20000705,4,8,1,1,,0,0,0,0,0,0,11,0,0,0,0,0,0,0,0,5,0,0,2,,,
Molly,20000705,4,9,1,4.2,,0,0,0,0,0,0,1,2,0,0,0,0,0,0,0,0,10,0,2,,,
Molly,20000705,4,10,1,6,,0,0,0,1,0,0,0,0,0,0,0,0,0,0,0,2,3,0,2,,,
Molly,20000705,4,11,1,3.6,,0,0,0,0,0,0,0,0,1,0,0,0,0,0,0,7,0,0,1,,,
Molly,20000705,4,12,1,2.6,,0,0,0,0,0,0,0,0,0,0,0,0,0,0,0,6,1,0,3,,,
Molly,20000705,4,13,1,2.6,,0,0,0,0,0,0,0,0,2,0,0,0,0,0,0,7,0,0,3,,,
Molly,20000705,4,14,1,3,,0,0,0,0,0,1,0,0,0,0,0,0,0,0,0,3,3,200,0,,,
Molly,20000705,4,15,1,2.3,,0,0,0,0,0,0,0,1,0,0,0,1,0,0,0,0,47,0,0,,,
Molly,20000705,4,16,1,0.1,,,,,,,,,,,,,,,,,,,,,,,
Molly,20000705,4,17,1,6.8,,0,0,1,0,0,10,21,0,0,0,0,0,0,0,0,1,6,0,1,,,
Molly,20000705,4,18,1,0.2,,0,0,0,0,0,0,0,0,0,0,0,1,0,0,0,0,1,0,1,,,
Molly,20000705,4,19,1,3.3,,0,4,2,2,0,0,4,2,1,0,0,0,0,1,0,0,1,0,5,,,
Molly,20000705,4,20,1,4.2,,0,0,0,0,0,0,8,3,0,0,0,0,0,0,0,1,1,0,0,,,
Molly,20000705,4,16,2,1.2,,0,0,0,0,0,0,1,0,0,0,0,0,0,0,0,1,2,0,0,,,
Molly,20000705,4,18,2,2,,0,0,0,0,0,0,0,0,0,0,0,1,0,0,0,0,0,0,6,,,
Molly,20000712,1,1,1,1.4,,0,0,0,0,0,0,2,0,0,0,0,0,0,0,0,6,4,0,1,,,
Molly,20000712,1,2,1,0.6,,0,0,0,0,0,0,0,0,0,0,0,1,0,0,0,,,,4,,,
Molly,20000712,1,3,1,2.6,,0,0,0,0,0,0,3,0,0,1,0,1,0,0,0,8,2,0,7,,,
Molly,20000712,1,4,1,1.6,,0,0,0,0,0,0,2,0,0,0,0,0,0,0,0,1,8,0,0,,,
Molly,20000712,1,5,1,2.6,,0,0,0,0,0,0,0,0,0,0,0,0,0,0,0,6,18,0,0,,,
Molly,20000712,1,6,1,1,,0,0,0,0,0,0,3,3,1,0,0,0,0,0,0,0,6,300,1,,,
Molly,20000712,1,7,1,0.8,,0,0,0,0,0,0,0,1,0,0,0,1,0,0,0,1,2,0,12,,,
Molly,20000712,1,8,1,6.4,,0,0,3,1,0,0,5,4,0,0,0,0,0,0,0,3,4,0,13,,,
Molly,20000712,1,9,1,2.2,,0,1,0,0,3,0,1,0,0,0,0,0,0,0,0,4,1,100,8,,,
Molly,20000712,1,10,1,5.8,,0,0,1,0,0,0,2,0,0,0,0,0,0,0,0,3,2,50,7,,,
Molly,20000712,1,11,1,10.2,,0,0,0,0,0,0,6,0,1,0,0,0,0,0,0,2,1,100,6,,,
Molly,20000712,1,12,1,3,,0,0,0,1,0,0,3,0,0,0,0,0,0,0,0,21,32,0,9,,,
Molly,20000712,1,13,1,3.2,,0,0,0,3,0,0,1,2,0,0,0,0,0,0,0,16,1,0,0,,,
Molly,20000712,1,14,1,4.4,,0,0,1,0,0,0,0,3,0,0,0,0,0,0,0,0,0,0,4,,,
Molly,20000712,1,15,1,1.4,,0,0,0,0,0,0,0,1,0,0,0,0,0,0,0,12,3,0,4,,,
Molly,20000712,1,16,1,1.2,,0,0,0,0,0,0,0,0,0,0,0,0,0,0,0,0,9,200,4,,,
Molly,20000712,1,17,1,4.4,,0,0,0,0,0,0,4,1,0,0,0,0,0,0,0,8,16,0,2,,,
Molly,20000712,1,18,1,4,,0,0,1,1,0,0,0,5,13,0,0,0,0,1,0,8,0,0,7,,,
Molly,20000712,1,19,1,1.9,,0,0,0,0,0,0,0,0,0,0,0,0,0,0,0,1,2,400,8,,,
Molly,20000712,1,20,1,1.3,,0,0,0,0,0,0,2,0,0,0,0,0,0,0,0,5,4,50,1,,,
Molly,20000712,2,1,1,1.2,,0,0,0,0,0,0,3,0,0,0,0,0,0,0,1,4,9,50,0,,,
Molly,20000712,2,2,1,4.8,,0,0,0,0,0,0,0,0,0,0,0,0,0,0,0,0,0,0,0,,,
Molly,20000712,2,3,1,1,,0,0,0,0,0,0,1,3,0,0,0,0,0,0,0,,,,0,,,
Molly,20000712,2,4,1,1.2,,0,0,0,0,0,0,2,2,0,0,0,0,0,0,0,9,12,0,2,,,
Molly,20000712,2,5,1,5,,0,0,0,1,0,0,0,0,1,0,0,0,0,0,0,2,1,0,0,,,
Molly,20000712,2,6,1,7.6,,0,0,1,1,0,0,1,1,1,0,0,0,0,0,0,0,1,0,2,,,
Molly,20000712,2,7,1,8.4,,0,0,0,0,0,0,5,0,1,0,0,0,0,0,0,2,1,0,2,,,
Molly,20000712,2,8,1,4.2,,0,0,0,0,0,0,0,2,0,0,0,0,1,0,0,2,15,0,0,,,
Molly,20000712,2,9,1,3,,0,0,0,0,0,0,0,0,0,0,0,0,0,0,0,1,5,200,2,,,
Molly,20000712,2,10,1,5.6,,0,0,0,0,0,0,0,2,0,0,0,0,0,0,0,16,0,0,1,,,
Molly,20000712,2,11,1,4,,0,0,0,0,0,0,1,2,2,0,0,0,0,0,0,7,4,0,3,,,
Molly,20000712,2,12,1,3,,0,0,0,0,0,0,0,0,0,0,0,0,0,0,0,6,0,0,0,,,
Molly,20000712,2,13,1,4.4,,0,0,0,3,0,0,3,1,0,0,0,0,0,0,0,15,0,0,1,,,
Molly,20000712,2,14,1,1.4,,0,0,0,0,0,0,2,0,0,0,0,0,0,0,0,1,14,100,0,,,
Molly,20000712,2,15,1,1.4,,0,0,0,0,0,0,0,0,0,0,0,0,0,0,0,0,5,0,1,,,
Molly,20000712,2,16,1,0.8,,0,0,0,0,0,0,5,0,0,0,0,0,0,0,0,6,53,0,0,,,
Molly,20000712,2,17,1,6.4,,0,0,1,2,0,0,0,3,4,0,0,0,0,0,0,1,0,0,2,,,
Molly,20000712,2,18,1,3.8,,0,0,0,0,0,0,1,0,0,0,0,0,0,0,0,0,47,0,8,,,
Molly,20000712,2,19,1,2,,0,0,0,0,0,0,0,0,0,0,0,0,0,0,0,9,3,0,1,,,
Molly,20000712,2,20,1,2.6,,0,0,0,0,0,0,1,3,0,0,0,1,0,0,0,1,3,0,0,,,
Molly,20000712,4,1,1,3.9,,0,0,0,0,1,0,0,0,0,0,0,0,0,0,0,1,0,0,5,,,
Molly,20000712,4,2,1,7.4,,0,2,2,2,0,0,9,2,0,0,0,0,0,0,0,3,1,0,0,,,
Molly,20000712,4,3,1,2.4,,0,0,0,1,0,0,0,0,0,0,0,0,0,0,0,9,5,0,11,,,
Molly,20000712,4,4,1,6.4,,0,0,1,0,0,0,0,0,0,0,0,0,0,0,0,25,2,0,1,,,
Molly,20000712,4,5,1,1.8,,0,0,0,0,0,0,1,0,0,1,0,0,0,1,0,23,6,0,2,,,
Molly,20000712,4,6,1,1.6,,0,0,0,0,1,0,1,2,0,0,0,0,0,0,0,2,14,0,4,,,
Molly,20000712,4,7,1,4.5,,0,0,0,0,0,0,0,0,0,0,0,0,1,0,0,0,0,0,4,,,
Molly,20000712,4,8,1,1,,0,0,0,0,0,0,0,3,0,0,0,0,0,0,1,3,0,0,2,,,
Molly,20000712,4,9,1,3.2,,0,0,0,0,0,0,0,0,0,0,0,0,0,0,0,4,1,0,0,,,
Molly,20000712,4,10,1,5,,0,1,0,1,0,0,0,0,0,0,0,0,0,0,0,6,0,0,2,,,
Molly,20000712,4,11,1,3.2,,0,0,0,0,0,0,0,0,0,0,0,0,0,0,0,0,0,0,0,,,
Molly,20000712,4,12,1,2.8,,0,0,0,0,1,0,1,0,0,0,0,0,0,0,0,19,0,20,0,,,
Molly,20000712,4,13,1,2.8,,0,0,0,0,0,0,0,1,0,0,0,0,0,0,0,0,35,20,3,,,
Molly,20000712,4,14,1,3.2,,0,0,0,0,1,0,0,0,0,0,0,0,0,0,0,8,2,0,15,,,
Molly,20000712,4,15,1,2.6,,0,0,0,0,0,0,0,0,3,0,0,0,0,0,0,6,46,0,2,,,
Molly,20000712,4,16,1,0,,,,,,,,,,,,,,,,,,,0,0,,,
Molly,20000712,4,17,1,6.6,,0,5,0,3,0,0,15,1,0,0,0,0,0,0,0,3,8,,1,,,
Molly,20000712,4,18,1,0.6,,0,0,0,0,0,0,0,0,0,0,0,0,0,0,0,,,,2,,,
Molly,20000712,4,19,1,2.6,,0,0,3,1,0,0,0,6,0,0,0,0,0,1,2,2,15,0,7,,,
Molly,20000712,4,20,1,3.4,,0,0,0,0,0,0,7,2,0,0,0,0,0,0,1,14,8,0,12,,,
Molly,20000712,4,14,2,1.4,,0,5,0,0,0,0,0,0,0,0,0,0,0,0,0,,,,2,,,
Molly,20000712,4,16,2,0.4,,0,0,0,0,0,0,0,0,0,0,0,0,0,0,0,3,7,0,0,,,
Molly,20000712,4,18,2,1.4,,0,0,0,0,0,0,0,1,0,0,0,0,0,0,0,0,1,0,2,,,
Molly,20000712,4,4,2,6.6,,0,0,0,0,0,0,0,0,0,0,0,0,0,0,0,2,2,0,1,,,
Molly,20000712,4,13,2,1.4,,0,0,0,0,0,0,0,0,0,0,0,0,0,0,0,12,3,0,1,,,
Molly,20000712,4,5,2,0.5,,0,0,0,0,0,0,0,0,0,0,0,0,0,0,0,,,,0,,,
Molly,20000719,4,7,1,6.9,,0,1,0,0,0,0,0,0,0,0,0,0,0,0,0,1,1,0,6,,,
Molly,20000719,4,2,1,10.8,,0,0,1,5,0,0,4,1,0,0,0,0,0,0,0,1,2,0,6,,,
Molly,20000719,4,14,1,4.8,,0,0,1,0,0,0,1,0,0,0,0,0,0,0,0,1,2,0,4,,,
Molly,20000719,4,14,2,5.1,,0,0,0,0,0,0,0,1,0,0,0,0,0,0,0,1,1,0,2,,,
Molly,20000719,4,16,1,0,,,,,,,,,,,,,,,,,,,,,,,
Molly,20000719,4,16,2,2.4,,0,0,0,0,0,0,1,2,0,0,0,0,0,0,1,2,2,0,1,,,
Molly,20000719,4,3,1,7,,0,0,0,1,0,0,0,2,2,0,0,0,0,0,0,4,7,0,6,,,
Molly,20000719,4,17,1,13.1,,2,4,0,1,0,0,6,1,1,0,0,0,0,0,0,0,5,0,4,,,
Molly,20000719,4,17,2,0,,,,,,,,,,,,,,,,,,,,,,,
Molly,20000719,4,1,1,4,,0,1,0,1,0,0,2,0,0,0,0,0,0,0,0,0,1,0,1,,,
Molly,20000719,4,1,2,0.4,,0,0,0,0,0,1,0,0,0,0,0,0,0,0,0,,,,0,,,
Molly,20000719,4,5,1,2.1,,0,1,0,0,0,0,2,0,0,0,0,0,0,0,0,4,21,0,0,,,
Molly,20000719,4,5,2,16.6,,15,4,0,0,0,0,1,0,0,0,0,0,0,0,0,,,0,4,,,
Molly,20000719,4,8,1,1.6,,0,0,0,0,0,0,1,0,0,0,0,0,0,0,0,0,2,0,1,,,
Molly,20000719,4,8,2,0.2,,0,0,0,0,0,0,0,0,0,0,0,0,0,0,0,,,,3,,,
Molly,20000719,4,13,1,7.6,,0,0,0,0,0,0,0,5,0,0,0,0,0,0,0,12,3,0,5,,,
Molly,20000719,4,13,2,1.6,,0,0,0,0,0,0,0,2,0,0,0,0,0,0,0,0,28,0,1,,,
Molly,20000719,4,12,1,4.6,,0,2,1,0,0,0,3,0,0,0,0,0,0,0,0,1,2,0,0,,,
Molly,20000719,4,12,2,0,,,,,,,,,,,,,,,,,,,,,,,
Molly,20000719,4,9,1,4.2,,0,0,0,0,0,0,1,0,0,0,0,0,0,0,0,0,1,0,5,,,
Molly,20000719,4,9,2,0.4,,0,0,0,0,0,0,0,0,0,0,0,0,0,0,0,,,,0,,,
Molly,20000719,4,4,1,7.9,,1,4,0,1,0,0,0,4,0,0,0,0,0,0,0,3,1,0,1,,,
Molly,20000719,4,4,2,9.3,,1,0,0,0,0,0,0,0,0,0,0,1,0,0,0,1,1,0,5,,,
Molly,20000719,4,15,1,3.5,,0,0,0,0,0,0,0,1,1,0,0,0,0,0,0,4,36,0,2,,,
Molly,20000719,4,15,2,0,,,,,,,,,,,,,,,,,,,,,,,
Molly,20000719,4,11,1,5.8,,3,0,0,0,0,0,0,0,0,0,0,0,0,0,0,0,8,0,1,,,
Molly,20000719,4,11,2,0,,,,,,,,,,,,,,,,,,,,,,,
Molly,20000719,4,18,1,0.8,,0,0,0,0,0,1,0,1,1,0,0,0,0,0,0,3,34,200,0,,,
Molly,20000719,4,18,2,2.3,,0,1,0,0,0,1,1,0,0,0,0,0,0,0,0,3,26,0,0,,,
Molly,20000719,4,10,1,11.8,,2,0,0,0,0,0,1,0,1,0,0,0,0,0,0,1,3,0,6,,,
Molly,20000719,4,20,1,6.2,,0,3,0,0,0,0,0,5,0,0,0,0,0,0,0,0,6,0,2,,,
Molly,20000719,4,20,2,4.2,,0,11,0,0,0,0,0,0,0,0,0,0,0,0,0,3,15,0,0,,,
Molly,20000719,4,19,1,5.1,,0,0,0,0,0,0,9,2,3,0,0,0,1,0,0,0,2,0,3,,,
Molly,20000719,4,6,1,4.5,,0,1,1,0,0,0,2,0,0,0,0,1,0,0,0,4,31,0,3,,,
Molly,20000719,4,6,2,5.4,,0,0,0,0,0,0,0,0,0,0,0,0,0,0,0,0,18,0,1,,,
Molly,20000719,1,1,1,2,,1,0,0,0,0,0,0,0,0,0,0,0,0,0,0,2,12,0,0,,,
Molly,20000719,1,2,1,1,,0,0,0,0,0,1,0,0,0,0,0,0,0,0,0,2,23,0,5,,,
Molly,20000719,1,3,1,4.8,,1,1,0,0,0,0,6,0,2,0,0,0,0,0,0,0,6,0,8,,,
Molly,20000719,1,4,1,4.9,,0,0,0,0,0,0,0,6,2,0,0,0,0,0,0,1,6,0,6,,,
Molly,20000719,1,5,1,5.3,,0,0,0,0,0,0,0,0,0,0,0,0,0,0,0,0,1,0,0,,,
Molly,20000719,1,6,1,3.1,,1,0,0,0,0,0,0,2,0,0,0,0,0,0,0,0,1,400,3,,,
Molly,20000719,1,7,1,1.2,,0,0,0,0,0,0,0,1,0,0,0,0,0,0,0,0,2,300,0,,,
Molly,20000719,1,8,1,10.8,,0,4,0,0,0,2,2,8,3,0,0,0,0,0,0,5,3,0,12,,,
Molly,20000719,1,9,1,4,,0,2,1,1,0,1,1,1,0,0,0,0,0,0,0,1,10,0,7,,,
Molly,20000719,1,10,1,9.2,,5,0,0,0,0,3,0,2,2,0,0,0,0,0,0,2,11,0,13,,,
Molly,20000719,1,11,1,20,,0,0,0,0,0,0,0,0,6,0,0,1,0,0,0,0,9,0,14,,,
Molly,20000719,1,12,1,7.1,,0,0,0,1,0,0,0,0,0,0,0,0,0,0,0,4,1,0,7,,,
Molly,20000719,1,13,1,6.4,,0,0,0,2,0,0,2,1,0,0,0,0,0,1,0,3,5,0,7,,,
Molly,20000719,1,14,1,8.4,,0,0,0,0,0,0,4,1,1,0,0,5,0,0,0,1,9,0,7,,,
Molly,20000719,1,15,1,2.5,,0,0,0,0,0,0,1,1,1,0,0,0,0,0,0,0,,0,2,,,
Molly,20000719,1,16,1,1.4,,0,0,0,0,0,0,0,0,1,0,0,0,0,0,0,0,31,100,9,,,
Molly,20000719,1,17,1,7,,0,0,0,0,0,0,0,0,1,0,0,0,0,0,0,1,8,0,2,,,
Molly,20000719,1,18,1,5.4,,0,0,0,2,0,0,0,12,5,0,0,0,0,0,0,2,2,0,5,,,
Molly,20000719,1,19,1,3,,0,0,0,0,0,0,0,0,0,0,0,0,0,0,0,0,14,0,9,,,
Molly,20000719,1,20,1,2.6,,0,0,0,0,0,0,1,2,0,0,0,0,0,0,0,2,15,0,3,,,
Molly,20000719,2,1,1,3,,0,0,0,0,0,0,2,0,0,0,0,0,0,0,0,0,4,0,0,,,
Molly,20000719,2,2,1,5.6,,0,2,0,0,0,0,0,0,1,0,0,0,0,0,0,0,4,0,2,,,
Molly,20000719,2,3,1,1,,0,0,0,0,0,0,0,3,0,0,0,0,0,0,0,0,11,0,0,,,
Molly,20000719,2,4,1,3.1,,0,0,0,0,0,0,8,0,0,0,0,0,0,0,0,6,5,0,0,,,
Molly,20000719,2,5,1,5.8,,0,0,0,1,0,0,0,0,0,0,0,0,0,0,0,0,0,0,1,,,
Molly,20000719,2,6,1,13.2,,0,0,1,1,0,0,1,1,1,0,0,1,0,0,0,3,6,0,6,,,
Molly,20000719,2,7,1,10.8,,0,1,0,0,0,0,6,0,0,0,0,0,0,0,0,3,4,0,4,,,
Molly,20000719,2,8,1,4.2,,0,0,0,0,0,0,6,0,0,0,0,0,0,0,0,0,,0,4,,,
Molly,20000719,2,9,1,4.6,,0,0,0,0,0,0,0,2,0,0,0,0,0,0,0,8,6,100,2,,,
Molly,20000719,2,10,1,0.6,,0,0,0,0,0,0,0,0,0,0,0,0,0,0,0,15,0,500,2,,,
Molly,20000719,2,11,1,6.6,,0,0,0,0,0,2,0,2,1,0,0,0,0,0,0,7,12,0,4,,,
Molly,20000719,2,12,1,9.4,,0,0,0,1,0,0,0,0,0,0,0,0,0,0,0,1,0,0,0,,,
Molly,20000719,2,13,1,6.8,,0,1,1,1,0,0,1,0,0,0,0,0,0,0,0,0,2,0,0,,,
Molly,20000719,2,14,1,5.3,,0,0,0,0,0,0,2,0,2,0,0,0,0,0,0,0,2,0,2,,,
Molly,20000719,2,15,1,2.1,,0,0,0,0,0,8,0,0,0,0,0,0,0,0,0,0,12,0,0,,,
Molly,20000719,2,16,1,5.7,,0,0,0,0,0,0,23,0,0,0,0,0,0,0,0,0,8,0,1,,,
Molly,20000719,2,17,1,12.2,,0,1,1,1,0,0,0,0,0,0,0,1,0,0,0,2,18,0,3,,,
Molly,20000719,2,18,1,3.5,,0,0,0,0,0,0,0,1,1,0,0,0,0,0,0,0,13,0,1,,,
Molly,20000719,2,19,1,2.9,,0,1,0,0,0,0,0,0,0,0,0,0,0,0,0,0,3,0,0,,,
Molly,20000719,2,20,1,10.6,,0,0,0,0,0,0,0,13,0,0,0,0,0,0,0,2,12,0,1,,,
Molly,20000725,1,1,1,1.9,,0,1,0,0,0,0,0,0,1,0,0,0,0,0,0,4,1,0,1,,,
Molly,20000725,1,2,1,1,,0,0,0,0,0,0,4,0,0,0,0,0,0,0,0,3,5,0,2,,,
Molly,20000725,1,3,1,4.6,,0,2,2,0,0,0,2,9,1,0,0,0,0,0,0,11,0,0,5,,,
Molly,20000725,1,4,1,3.8,,0,0,0,0,0,0,0,2,9,0,0,0,0,0,0,2,3,0,7,,,
Molly,20000725,1,5,1,4.6,,0,0,0,0,0,0,0,0,0,0,0,0,0,0,0,12,10,0,5,,,
Molly,20000725,1,6,1,2,,0,0,0,0,0,0,2,0,1,0,0,0,0,0,0,1,0,0,1,,,
Molly,20000725,1,7,1,1.4,,0,0,0,0,0,0,0,0,0,0,0,0,0,0,0,3,0,0,0,,,
Molly,20000725,1,8,1,9.8,,0,0,0,1,0,0,3,0,1,0,0,0,0,0,0,1,0,0,11,,,
Molly,20000725,1,9,1,3.4,,0,0,4,1,0,0,1,1,1,0,0,0,0,0,0,6,2,0,5,,,
Molly,20000725,1,10,1,9,,0,0,0,0,0,0,3,1,1,0,0,0,0,0,0,2,3,0,7,,,
Molly,20000725,1,11,1,18.8,,0,0,1,1,0,0,0,0,5,0,0,1,0,0,0,1,2,0,14,,,
Molly,20000725,1,12,1,6.8,,0,0,0,2,0,0,0,0,3,0,0,0,0,0,0,3,12,0,8,,,
Molly,20000725,1,13,1,6.7,,0,0,0,0,0,0,0,2,2,0,0,0,0,0,0,4,0,0,7,,,
Molly,20000725,1,14,1,10,,0,0,0,0,0,0,1,0,1,0,0,0,1,0,0,0,14,0,3,,,
Molly,20000725,1,15,1,2.6,,0,0,0,0,0,0,0,0,2,0,0,0,0,0,0,4,7,0,0,,,
Molly,20000725,1,16,1,1,,0,0,0,0,0,0,0,1,0,0,0,0,0,0,0,3,23,0,1,,,
Molly,20000725,1,17,1,7,,1,0,0,0,0,0,0,0,0,0,0,0,0,0,0,2,6,0,1,,,
Molly,20000725,1,18,1,5,,1,0,1,0,0,0,0,6,5,0,0,0,0,0,0,3,11,0,4,,,
Molly,20000725,1,19,1,1.8,,0,0,0,0,0,0,0,0,0,0,0,0,0,0,0,7,31,0,0,,,
Molly,20000725,1,20,1,2.3,,0,1,0,0,0,0,0,0,0,0,0,0,0,0,0,0,1,0,3,,,
Molly,20000725,2,1,1,3,,0,0,0,0,0,0,0,1,0,0,0,0,0,0,0,2,4,0,1,,,
Molly,20000725,2,2,1,5.6,,1,3,1,0,0,0,0,0,0,0,0,0,0,0,0,0,5,0,0,,,
Molly,20000725,2,3,1,0.9,,0,0,0,0,0,0,0,1,0,0,0,0,0,0,0,2,8,0,1,,,
Molly,20000725,2,4,1,2.7,,0,0,0,0,0,0,0,2,0,0,0,0,0,0,0,0,5,0,0,,,
Molly,20000725,2,5,1,5.7,,0,0,1,0,0,0,0,0,0,0,0,0,0,0,0,0,5,0,2,,,
Molly,20000725,2,6,1,12.4,,0,0,2,1,0,0,0,0,1,0,0,0,0,0,1,6,3,0,7,,,
Molly,20000725,2,7,1,8.9,,0,1,1,0,0,0,0,1,0,0,0,0,0,0,0,0,1,0,2,,,
Molly,20000725,2,8,1,3.1,,0,0,0,0,0,0,2,3,0,0,0,0,0,0,0,10,5,0,6,,,
Molly,20000725,2,9,1,4.4,,0,0,0,0,0,0,0,1,4,0,0,0,0,0,0,2,3,0,1,,,
Molly,20000725,2,10,1,0,,,,,,,,,,,,,,,,,,,,,,,
Molly,20000725,2,11,1,7.4,,0,0,0,0,0,0,8,1,0,0,0,0,0,0,0,0,11,0,0,,,
Molly,20000725,2,12,1,9.2,,1,1,0,0,0,0,0,4,0,0,0,0,0,0,0,7,3,0,2,,,
Molly,20000725,2,13,1,6.4,,0,1,2,1,0,0,1,0,0,0,0,0,0,0,0,0,5,0,4,,,
Molly,20000725,2,14,1,4.8,,0,0,0,0,0,1,1,1,0,0,0,0,0,0,0,3,5,0,1,,,
Molly,20000725,2,15,1,1.6,,0,0,0,0,0,0,1,0,0,0,0,0,0,0,0,1,17,0,0,,,
Molly,20000725,2,16,1,5.7,,0,1,0,0,0,0,2,1,0,0,0,0,0,0,0,1,7,0,1,,,
Molly,20000725,2,17,1,10.7,,0,0,2,0,0,0,1,0,1,0,0,0,0,0,0,0,1,0,3,,,
Molly,20000725,2,18,1,3,,0,0,0,0,0,0,0,1,1,0,0,0,0,0,0,0,7,0,2,,,
Molly,20000725,2,19,1,2.4,,0,0,0,1,0,0,0,0,0,0,0,0,0,0,0,3,2,0,2,,,
Molly,20000725,2,20,1,9.4,,0,1,0,0,0,0,11,2,8,0,0,0,0,0,0,1,1,0,0,,,
Molly,20000725,4,1,1,2.2,,0,0,0,0,0,0,2,1,0,0,0,0,0,0,1,1,6,0,4,,,
Molly,20000725,4,2,1,7,,0,1,1,3,0,0,0,3,0,0,0,0,0,0,0,4,2,0,2,,,
Molly,20000725,4,3,1,6.4,,0,0,0,1,0,0,0,0,1,0,0,0,0,0,1,3,6,0,9,,,
Molly,20000725,4,4,1,7.4,,0,2,4,1,0,0,1,1,0,0,0,0,0,0,0,4,6,0,2,,,
Molly,20000725,4,5,1,1.5,,0,1,0,0,0,0,0,5,0,0,0,0,0,0,0,7,13,0,3,,,
Molly,20000725,4,6,1,4.2,,0,1,1,0,0,0,4,0,0,0,0,0,0,0,0,5,2,0,3,,,
Molly,20000725,4,7,1,6.2,,0,0,0,0,0,0,2,3,0,0,0,0,0,0,1,4,3,0,3,,,
Molly,20000725,4,8,1,2.1,,0,0,0,0,0,0,1,0,0,0,0,0,0,0,0,,8,0,1,,,
Molly,20000725,4,9,1,3.8,,0,0,3,1,0,0,0,1,0,0,0,0,0,0,0,2,3,0,4,,,
Molly,20000725,4,10,1,12.2,,0,2,0,3,0,0,0,0,2,0,0,0,0,0,1,,4,0,3,,,
Molly,20000725,4,11,1,4.8,,0,2,0,0,0,2,1,0,0,0,0,0,0,0,0,3,6,0,1,,,
Molly,20000725,4,12,1,4.2,,0,3,2,0,0,0,3,0,0,0,0,0,0,0,0,2,2,0,4,,,
Molly,20000725,4,13,1,6.5,,0,11,0,0,0,0,0,2,3,0,0,1,0,0,0,2,2,0,2,,,
Molly,20000725,4,14,1,4,,0,0,0,1,0,0,1,0,0,0,0,0,0,0,0,1,0,0,2,,,
Molly,20000725,4,15,1,3.1,,0,1,0,0,0,0,1,1,2,0,0,0,0,0,0,7,72,0,5,,,
Molly,20000725,4,16,1,0.4,,0,0,0,0,0,0,0,0,1,0,0,0,0,0,0,,,,2,,,
Molly,20000725,4,17,1,11,,0,7,1,1,0,0,6,1,1,0,0,1,0,0,0,0,0,0,7,,,
Molly,20000725,4,18,1,0.6,,0,0,0,0,0,2,0,0,0,0,0,0,0,0,0,4,11,0,3,,,
Molly,20000725,4,19,1,4,,0,2,0,0,0,0,1,3,0,0,0,0,0,0,0,0,7,0,4,,,
Molly,20000725,4,20,1,5.8,,0,1,1,1,0,0,0,0,13,0,0,0,0,0,0,1,6,0,4,,,
Molly,20000725,4,16,2,0.9,,0,1,0,0,0,0,0,2,4,0,0,0,0,0,1,0,0,0,3,,,
Molly,20000725,4,14,2,5,,0,0,0,0,0,0,0,0,0,0,0,0,0,0,0,2,2,0,1,,,
Molly,20000725,4,20,2,2.8,,0,1,6,1,0,0,0,0,4,0,0,0,0,0,0,3,0,0,3,,,
Molly,20000725,4,19,2,0,,,,,,,,,,,,,,,,,,,,,,,
Molly,20000725,4,18,2,2,,0,0,0,0,0,0,0,0,0,0,0,0,0,0,1,0,1,0,0,,,
Molly,20000725,4,11,2,1.8,,2,4,0,0,0,0,1,0,0,0,0,0,0,0,0,0,1,0,0,,,
Molly,20000725,4,6,2,5.1,,0,1,0,0,0,0,0,0,0,0,0,0,0,0,0,0,6,0,3,,,
Molly,20000725,4,4,2,7.7,,0,0,0,0,0,0,2,0,0,0,0,0,0,0,1,1,2,0,2,,,
Molly,20000725,4,9,2,0.6,,1,1,0,0,0,0,0,0,0,0,0,0,0,0,0,4,2,0,0,,,
Molly,20000725,4,12,2,0.6,,0,0,0,0,0,2,4,0,0,0,0,0,0,0,0,,,,1,,,
Molly,20000725,4,13,2,1,,0,0,0,0,0,0,0,0,0,0,0,0,0,0,0,0,13,0,0,,,
Molly,20000725,4,5,2,17.1,,2,18,0,0,0,0,9,7,0,0,0,1,0,0,0,0,3,0,5,,,
Molly,20000725,4,8,2,0.4,,0,0,0,0,0,2,0,0,0,0,0,0,0,0,0,,,,3,,,
Molly,20000725,4,17,2,0,,,,,,,,,,,,,,,,,,,,,,,
Molly,20000802,1,1,1,3.6,,0,0,0,0,0,0,3,0,1,0,0,0,0,0,0,0,19,0,1,,,
Molly,20000802,1,2,1,2.2,,0,0,0,0,0,3,4,1,0,0,0,0,0,0,0,0,14,0,9,,,
Molly,20000802,1,3,1,7.4,,0,0,2,0,0,0,6,1,0,0,0,0,0,0,0,0,0,0,1,,,
Molly,20000802,1,4,1,4.4,,1,1,1,0,0,0,2,1,13,0,0,0,0,0,0,0,6,0,1,,,
Molly,20000802,1,5,1,3.2,,0,0,0,0,0,1,0,0,0,0,0,0,0,0,0,0,15,0,1,,,
Molly,20000802,1,6,1,0.6,,1,0,1,0,0,0,1,0,5,0,0,0,0,0,0,,,,0,,,
Molly,20000802,1,7,1,2.4,,0,0,0,0,0,0,0,0,0,0,0,0,0,0,0,0,4,0,1,,,
Molly,20000802,1,8,1,13,,0,2,3,2,0,0,3,2,1,0,0,0,0,0,0,0,0,0,13,,,
Molly,20000802,1,9,1,1.8,,0,0,0,3,0,0,0,3,0,0,0,0,0,0,0,2,1,0,6,,,
Molly,20000802,1,10,1,13.6,,0,0,2,0,0,0,4,0,4,0,0,0,0,0,0,0,1,0,5,,,
Molly,20000802,1,11,1,26,,0,0,0,0,0,0,0,1,5,0,0,0,0,0,0,5,38,0,3,,,
Molly,20000802,1,12,1,4.6,,0,2,1,1,0,0,2,0,2,0,0,0,0,0,0,1,49,0,11,,,
Molly,20000802,1,13,1,,eaten,,,,,,,,,,,,,,,,,,,,,,
Molly,20000802,1,14,1,11.2,,0,1,1,0,0,0,0,1,3,0,0,0,0,0,0,0,18,0,7,,,
Molly,20000802,1,15,1,0.2,eaten,0,0,0,0,0,0,0,0,0,0,0,0,0,0,0,,,,2,,,
Molly,20000802,1,16,1,2.3,,0,0,0,0,0,0,2,2,0,0,0,0,0,0,0,1,6,0,5,,,
Molly,20000802,1,17,1,9.9,,2,0,1,0,0,0,1,0,0,0,0,0,0,0,0,0,2,0,4,,,
Molly,20000802,1,18,1,8.4,,0,1,1,1,0,0,0,0,0,0,0,0,0,0,0,0,1,0,2,,,
Molly,20000802,1,19,1,0.6,,0,0,0,0,0,0,0,0,0,0,0,0,0,0,0,,,,1,,,
Molly,20000802,1,20,1,3.7,,0,0,0,0,0,0,1,1,1,0,0,0,0,0,0,1,5,0,1,,,
Molly,20000802,2,1,1,3.2,,0,0,0,0,0,1,0,1,1,0,0,0,0,0,0,1,11,0,0,,,
Molly,20000802,2,2,1,6.6,,0,3,1,0,0,0,0,1,0,0,0,0,0,0,0,0,3,0,0,,,
Molly,20000802,2,3,1,1.9,,0,0,0,0,0,0,1,4,0,0,0,0,0,0,0,1,3,0,1,,,
Molly,20000802,2,4,1,5.6,,0,1,0,0,0,0,0,0,1,0,0,0,0,0,0,3,17,0,1,,,
Molly,20000802,2,5,1,7.4,,0,0,1,0,0,0,6,0,0,0,0,0,0,0,0,0,4,0,4,,,
Molly,20000802,2,6,1,19.6,,0,1,0,0,0,2,0,0,4,0,0,0,0,0,0,0,12,0,6,,,
Molly,20000802,2,7,1,13.2,,0,1,0,0,0,0,1,1,0,0,0,0,0,0,0,0,8,0,3,,,
Molly,20000802,2,8,1,4.6,,0,0,0,0,0,0,0,3,0,0,0,0,0,0,0,0,17,0,2,,,
Molly,20000802,2,9,1,11.6,,0,0,0,0,0,0,0,0,0,0,0,0,0,0,0,0,16,0,2,,,
Molly,20000802,2,10,1,11.4,,0,1,0,0,0,0,1,1,4,0,0,0,0,0,0,0,7,0,2,,,
Molly,20000802,2,11,1,7.6,,0,0,0,0,0,0,1,0,0,0,0,0,0,0,0,0,5,0,2,,,
Molly,20000802,2,12,1,6.7,,0,0,0,0,0,4,0,2,0,0,0,0,0,0,0,3,1,0,1,,,
Molly,20000802,2,13,1,8.2,,0,1,2,1,0,8,0,0,0,0,0,0,0,0,0,0,0,0,3,,,
Molly,20000802,2,14,1,6.6,,0,0,0,0,0,0,3,0,2,0,0,0,0,0,0,0,2,0,2,,,
Molly,20000802,2,15,1,1.5,,0,0,0,0,0,0,0,0,0,0,0,0,0,0,0,0,18,0,0,,,
Molly,20000802,2,16,1,7.1,,0,0,0,0,0,1,0,0,0,0,0,0,0,0,0,1,1,0,2,,,
Molly,20000802,2,17,1,13.8,,0,0,0,0,0,2,0,0,0,0,0,0,0,0,0,0,2,0,4,,,
Molly,20000802,2,18,1,2,,0,0,0,0,0,0,0,0,0,0,0,0,0,0,0,0,1,0,1,,,
Molly,20000802,2,19,1,3.2,,1,0,0,0,0,0,0,0,0,0,0,0,0,0,0,0,22,0,1,,,
Molly,20000802,2,20,1,16.5,,0,1,0,1,0,0,1,9,5,0,0,0,0,0,0,2,6,0,1,,,
Molly,20000802,3,1,1,7.8,,0,0,0,2,0,0,6,0,0,0,0,0,0,0,0,0,1,0,1,,,
Molly,20000802,3,2,1,17.2,,0,0,0,1,0,0,0,3,1,0,0,0,0,0,0,0,4,0,0,,,
Molly,20000802,3,3,1,4,,0,0,0,0,0,0,1,0,0,0,0,0,0,0,0,0,17,0,0,,,
Molly,20000802,3,4,1,3,,0,0,0,0,0,0,0,0,0,0,0,0,0,0,0,1,5,0,2,,,
Molly,20000802,3,5,1,3.2,hole,1,0,0,0,0,6,0,0,0,0,0,0,0,0,0,0,1,0,1,,,
Molly,20000802,3,6,1,24.9,,2,0,0,1,0,4,1,1,1,0,0,1,0,0,0,0,9,0,1,,,
Molly,20000802,3,7,1,13.1,,0,2,0,0,0,2,6,1,0,0,0,0,0,0,0,0,2,0,1,,,
Molly,20000802,3,8,1,4.6,,0,0,0,0,0,0,0,0,1,0,0,0,0,0,0,0,2,0,1,,,
Molly,20000802,3,9,1,10.5,,0,0,0,0,0,0,0,0,0,0,0,0,0,0,0,5,6,200,2,,,
Molly,20000802,3,10,1,25.8,,0,1,1,4,0,9,1,3,0,0,0,0,0,0,0,0,2,0,3,,,
Molly,20000802,3,11,1,6.1,,0,0,0,0,0,0,0,0,0,0,0,0,0,0,0,1,11,0,3,,,
Molly,20000802,3,12,1,17.8,,0,0,0,2,0,0,5,0,0,0,0,0,0,0,0,0,1,0,3,,,
Molly,20000802,3,13,1,2.1,,0,0,0,0,0,0,0,0,0,0,0,0,0,0,0,0,9,0,0,,,
Molly,20000802,3,14,1,4.3,,0,0,0,0,0,0,0,0,0,0,0,0,0,0,0,0,11,0,1,,,
Molly,20000802,3,15,1,3.9,,0,0,0,0,0,0,4,0,0,0,0,0,0,0,0,0,8,0,1,,,
Molly,20000802,3,16,1,11,,1,0,0,0,0,0,4,1,0,0,0,0,0,0,0,3,0,0,2,,,
Molly,20000802,3,17,1,7.6,,0,1,0,0,0,0,2,5,1,0,0,0,0,0,0,0,4,0,1,,,
Molly,20000802,3,18,1,4.1,,0,0,0,0,0,0,0,2,0,0,0,0,0,0,0,1,6,0,1,,,
Molly,20000802,3,19,1,7.8,,0,2,0,0,0,0,5,1,0,0,0,0,0,0,0,0,0,0,0,,,
Molly,20000802,3,20,1,13.6,,0,0,0,0,0,0,0,1,0,0,0,0,0,0,0,0,7,0,0,,,
Molly,20000802,4,8,1,2.4,,0,1,0,0,0,0,0,0,0,0,0,0,0,0,0,0,10,0,7,,,
Molly,20000802,4,8,2,0.2,,0,0,0,0,0,0,7,0,0,0,0,1,0,0,0,,,,2,,,
Molly,20000802,4,7,1,11,,0,0,0,0,0,0,0,2,1,0,0,0,0,0,0,0,11,0,4,,,
Molly,20000802,4,2,1,10.8,,0,0,1,1,0,5,0,0,2,0,0,0,0,0,0,5,14,0,5,,,
Molly,20000802,4,2,2,4.8,,0,0,0,0,0,0,0,0,0,0,0,0,0,0,0,0,1,0,1,,,
Molly,20000802,4,14,1,4.5,,0,0,0,0,0,0,2,2,0,0,0,0,0,0,0,0,47,0,3,,,
Molly,20000802,4,14,2,4.8,,1,0,0,0,0,1,0,0,0,0,0,0,0,0,0,0,2,0,2,,,
Molly,20000802,4,14,3,1.2,,0,0,0,0,0,0,0,0,0,0,0,0,0,0,0,0,27,0,0,,,
Molly,20000802,4,16,1,1,,0,0,0,0,0,0,1,1,0,0,0,0,0,0,0,0,38,0,0,,,
Molly,20000802,4,16,2,3.8,,0,0,0,0,0,0,1,0,1,0,0,0,0,0,0,0,14,0,5,,,
Molly,20000802,4,16,3,6.2,,0,33,0,0,0,0,0,0,6,0,0,0,0,0,0,3,15,0,2,,,
Molly,20000802,4,3,1,10,,0,2,0,0,0,0,0,0,8,0,0,0,0,0,0,2,25,0,4,,,
Molly,20000802,4,17,1,17.2,,0,1,5,1,0,0,0,3,1,0,0,0,0,0,0,0,3,0,7,,,
Molly,20000802,4,17,2,6.8,,0,29,0,0,0,0,0,0,0,0,0,0,0,0,0,0,3,0,1,,,
Molly,20000802,4,20,1,9.2,,0,0,2,0,0,0,0,1,6,0,0,1,0,0,0,0,4,0,2,,,
Molly,20000802,4,20,2,8.3,,0,1,5,1,0,0,0,0,5,0,0,2,0,0,0,0,13,0,4,,,
Molly,20000802,4,10,1,15.2,,0,0,2,0,0,0,0,4,2,0,0,0,0,0,1,1,7,0,5,,,
Molly,20000802,4,10,2,8.4,,2,10,0,0,0,0,0,0,0,0,0,0,0,0,0,0,5,0,1,,,
Molly,20000802,4,19,1,7.2,,3,2,2,0,0,0,1,8,1,0,0,0,0,0,0,0,14,0,5,,,
Molly,20000802,4,19,2,5.2,,7,8,0,0,0,0,0,0,0,0,0,0,0,0,0,0,20,0,3,,,
Molly,20000802,4,18,1,0.9,,0,0,0,0,0,0,0,0,0,0,0,0,0,0,0,0,14,0,1,,,
Molly,20000802,4,18,2,2.2,,0,0,0,0,0,0,0,0,0,0,0,0,0,0,0,0,9,0,5,,,
Molly,20000802,4,18,3,0,hole,,,,,,,,,,,,,,,,,,,,,,
Molly,20000802,4,11,1,6.6,,3,2,0,0,0,0,14,0,1,0,0,0,0,0,0,0,12,0,7,,,
Molly,20000802,4,11,2,6.5,,0,0,3,0,0,0,0,0,1,0,0,0,0,0,0,0,10,0,4,,,
Molly,20000802,4,15,1,3,,0,0,0,0,0,0,0,0,0,0,0,0,0,0,0,2,13,0,1,,,
Molly,20000802,4,15,2,6.7,,4,1,0,0,0,0,0,0,0,0,0,1,0,0,0,0,17,0,0,,,
Molly,20000802,4,6,1,6.8,,0,0,1,1,0,0,1,1,0,0,0,0,0,0,0,0,13,0,10,,,
Molly,20000802,4,6,2,9.7,,0,0,0,0,0,0,0,2,0,0,0,0,0,0,0,0,38,0,3,,,
Molly,20000802,4,4,1,,eaten,,,,,,,,,,,,,,,,,,,,,,
Molly,20000802,4,9,1,0.1,,0,0,0,0,0,0,0,0,0,0,0,0,0,0,0,,,,0,,,
Molly,20000802,4,9,2,1.5,,0,0,0,0,0,0,8,0,0,0,0,0,0,0,0,1,46,0,1,,,
Molly,20000802,4,12,1,4.7,,1,1,2,1,0,0,1,1,0,0,0,0,0,0,0,0,21,0,3,,,
Molly,20000802,4,12,2,2.8,,0,11,0,0,0,0,0,0,0,0,0,0,0,0,0,2,9,0,2,,,
Molly,20000802,4,13,1,11.6,,0,3,2,1,0,0,1,1,7,0,0,0,0,0,0,0,2,0,6,,,
Molly,20000802,4,13,2,1.7,,0,0,0,0,0,0,0,0,0,0,0,0,0,0,0,0,6,0,0,,,
Molly,20000802,4,13,3,5.2,,1,3,0,0,0,0,0,0,0,0,0,0,0,0,0,19,9,0,3,,,
Molly,20000802,4,1,1,4.3,,0,0,0,0,0,0,0,6,0,0,0,0,0,0,0,0,15,400,6,,,
Molly,20000802,4,1,2,0.2,,0,0,0,0,0,0,0,0,0,0,0,1,0,0,0,,,,0,,,
Molly,20000802,4,5,1,2.2,,0,0,0,0,0,1,5,2,0,0,0,0,0,0,0,0,29,0,3,,,
Molly,20000802,4,5,2,24.8,,2,6,13,3,0,2,0,0,0,0,0,0,0,0,0,0,7,0,4,,,
Molly,20000802,4,5,3,22,,0,0,0,7,0,0,1,4,0,0,0,0,0,0,0,0,1,0,6,,,
Molly,20000808,1,1,1,2.8,,1,0,0,0,0,9,0,0,0,0,0,0,0,0,0,0,19,0,1,,,
Molly,20000808,1,2,1,1,,0,0,0,0,0,1,0,1,0,0,0,0,0,0,0,0,16,0,0,,,
Molly,20000808,1,3,1,5.5,,0,1,0,0,0,4,7,2,0,0,0,0,0,0,0,0,1,0,3,,,
Molly,20000808,1,4,1,5.1,,0,2,1,1,0,0,1,6,1,0,0,0,0,0,0,1,8,0,1,,,
Molly,20000808,1,5,1,4.5,damaged,0,0,0,0,0,4,1,1,1,0,0,0,0,0,0,0,7,0,1,,,
Molly,20000808,1,6,1,1.2,,0,1,1,0,0,0,4,1,0,0,0,0,0,0,0,0,4,0,0,,,
Molly,20000808,1,7,1,1.6,,1,0,0,0,0,0,1,0,0,0,0,0,0,0,0,2,0,0,0,,,
Molly,20000808,1,8,1,11.2,,2,0,3,0,0,2,2,8,1,0,0,0,0,0,0,0,1,0,5,,,
Molly,20000808,1,9,1,4.2,,0,0,1,0,0,0,0,0,0,0,0,0,0,0,0,2,5,0,2,,,
Molly,20000808,1,10,1,15.2,,1,3,3,0,0,0,4,5,3,0,0,0,0,0,0,0,41,0,7,,,
Molly,20000808,1,11,1,25.6,,2,1,0,0,0,1,1,2,4,0,0,0,0,0,0,1,7,0,12,,,
Molly,20000808,1,12,1,4.3,damaged,0,1,0,0,0,0,3,0,0,0,0,0,0,0,0,2,68,0,0,,,
Molly,20000808,1,13,1,,eaten,,,,,,,,,,,,,,,,,,,,,,
Molly,20000808,1,14,1,11.2,,0,1,0,0,0,0,2,0,4,0,0,0,0,0,0,0,6,0,5,,,
Molly,20000808,1,15,1,0.2,damaged,0,0,0,0,0,0,1,0,0,0,0,0,0,0,0,,,,1,,,
Molly,20000808,1,16,1,1.8,,0,0,0,0,0,0,1,2,0,0,0,0,0,0,0,0,0,0,4,,,
Molly,20000808,1,17,1,8.7,,0,0,0,0,0,0,1,0,0,0,0,0,0,0,0,0,1,0,1,,,
Molly,20000808,1,18,1,8,,0,1,1,0,0,0,0,4,3,0,0,0,0,0,0,0,1,0,3,,,
Molly,20000808,1,19,1,1.6,,0,0,0,0,0,0,0,0,0,0,0,0,0,0,0,1,26,0,6,,,
Molly,20000808,1,20,1,3.4,,0,0,0,0,0,3,1,1,0,0,0,0,0,0,0,0,9,0,3,,,
Molly,20000808,2,1,1,3.3,,0,0,0,0,0,0,0,0,0,0,0,0,0,0,0,0,7,0,0,,,
Molly,20000808,2,2,1,5.4,,1,2,0,0,0,0,0,0,0,0,0,0,0,0,0,0,3,0,1,,,
Molly,20000808,2,3,1,1,,0,0,0,0,0,0,2,0,0,0,0,0,0,0,0,0,12,200,0,,,
Molly,20000808,2,4,1,4.8,,0,0,1,0,0,0,1,0,4,0,0,0,0,0,0,0,1,0,3,,,
Molly,20000808,2,5,1,5.6,,0,1,1,0,0,3,9,0,0,0,0,0,0,0,0,0,14,0,1,,,
Molly,20000808,2,6,1,20.5,,1,1,2,0,0,2,13,1,0,0,0,0,0,0,0,1,12,0,1,,,
Molly,20000808,2,7,1,10.6,,0,1,0,0,0,0,1,2,0,0,0,0,0,0,0,0,6,0,1,,,
Molly,20000808,2,8,1,,eaten,,,,,,,,,,,,,,,,,,,,,,
Molly,20000808,2,9,1,10.4,,0,0,0,0,0,0,0,0,0,0,0,0,0,0,0,0,2,0,0,,,
Molly,20000808,2,10,1,17,,1,0,1,0,0,2,0,5,0,0,0,0,0,0,0,0,11,0,2,,,
Molly,20000808,2,11,1,6.2,,0,0,0,0,0,0,6,0,1,0,0,0,0,0,0,0,18,0,3,,,
Molly,20000808,2,12,1,10.8,,0,0,0,0,0,0,6,0,0,0,0,0,0,0,0,1,0,0,2,,,
Molly,20000808,2,13,1,7.4,,0,0,4,0,0,0,2,0,1,0,0,0,0,0,0,0,8,0,1,,,
Molly,20000808,2,14,1,6.2,,0,0,0,0,0,0,3,0,0,0,0,0,0,0,0,0,1,0,4,,,
Molly,20000808,2,15,1,2.2,,0,0,0,0,0,0,0,0,0,0,0,0,0,0,0,0,8,0,0,,,
Molly,20000808,2,16,1,6.2,,0,4,0,0,0,0,1,0,0,0,0,0,0,0,0,1,0,0,0,,,
Molly,20000808,2,17,1,13.2,,0,0,0,0,0,1,4,0,0,0,0,0,0,0,0,0,1,0,2,,,
Molly,20000808,2,18,1,1.1,damaged,0,0,0,0,0,0,0,0,0,0,0,0,0,0,0,0,5,0,0,,,
Molly,20000808,2,19,1,2.2,,0,0,0,0,0,0,0,0,0,0,0,0,0,0,0,0,12,0,2,,,
Molly,20000808,2,20,1,18.4,,0,3,1,1,0,2,8,4,1,0,0,0,0,0,0,0,4,0,2,,,
Molly,20000808,3,1,1,7.2,,0,0,0,1,0,1,2,0,0,0,0,0,0,0,0,0,6,100,0,,,
Molly,20000808,3,2,1,20.2,,1,0,0,0,0,1,2,0,0,0,0,0,0,0,0,0,2,0,0,,,
Molly,20000808,3,3,1,3,,0,0,0,0,0,2,2,0,0,0,0,0,0,0,0,0,2,0,1,,,
Molly,20000808,3,4,1,5.8,damaged,0,0,1,2,0,2,0,0,0,0,0,0,0,0,0,0,5,0,4,,,
Molly,20000808,3,5,1,2.2,damaged,0,0,0,0,0,1,0,0,0,0,0,0,0,0,0,0,6,0,0,,,
Molly,20000808,3,6,1,26,,0,4,3,1,0,21,2,1,1,0,0,0,0,0,0,0,4,0,2,,,
Molly,20000808,3,7,1,13.6,,0,0,1,0,0,7,2,8,0,0,0,0,0,0,0,0,7,0,1,,,
Molly,20000808,3,8,1,3,damaged,0,0,0,0,0,3,0,1,0,0,0,0,0,0,0,0,10,0,1,,,
Molly,20000808,3,9,1,9.6,,0,0,0,0,0,0,0,0,0,0,0,0,0,0,0,2,7,200,7,,,
Molly,20000808,3,10,1,22.5,,1,1,1,0,0,16,2,0,0,0,0,0,0,0,0,0,2,0,1,,,
Molly,20000808,3,11,1,0.5,,0,0,0,0,0,2,1,0,0,0,0,0,0,0,0,,,,0,,,
Molly,20000808,3,12,1,16.6,,0,1,0,0,0,0,3,0,0,0,0,0,0,0,0,0,7,0,1,,,
Molly,20000808,3,13,1,2.2,,0,0,0,0,0,1,0,0,0,0,0,0,0,0,0,0,1,0,0,,,
Molly,20000808,3,14,1,1.4,,0,0,0,0,0,1,0,0,0,0,0,0,0,0,0,1,20,0,1,,,
Molly,20000808,3,15,1,3.5,,0,0,0,0,0,0,3,0,0,0,0,0,0,0,0,0,11,0,0,,,
Molly,20000808,3,16,1,9.4,,0,2,0,0,0,3,0,6,3,0,0,0,0,0,0,2,0,0,1,,,
Molly,20000808,3,17,1,7.4,,0,0,0,0,0,2,1,3,0,0,0,0,0,0,0,0,9,0,2,,,
Molly,20000808,3,18,1,3.8,,0,0,0,0,0,0,0,4,0,0,0,0,0,0,0,0,4,0,3,,,
Molly,20000808,3,19,1,10,,0,1,0,0,0,9,0,2,0,0,0,0,0,0,0,0,3,0,1,,,
Molly,20000808,3,20,1,13.6,,0,0,0,0,0,0,5,1,0,0,0,0,0,0,0,0,5,0,0,,,
Molly,20000808,4,1,1,4.6,,0,0,0,0,0,0,0,1,6,0,0,0,0,0,0,2,4,400,2,,,
Molly,20000808,4,2,1,11.3,,1,0,2,1,0,7,28,0,0,0,0,1,0,0,0,0,8,0,2,,,
Molly,20000808,4,3,1,8.4,,0,1,1,0,0,1,2,5,1,0,0,0,0,1,0,0,9,0,1,,,
Molly,20000808,4,4,1,,eaten,,,,,,,,,,,,,,,,,,,,,,
Molly,20000808,4,5,1,2.5,,0,0,0,0,0,0,2,6,8,0,0,0,0,0,0,0,69,0,2,,,
Molly,20000808,4,6,1,5.4,,0,0,1,0,0,0,1,2,0,0,0,0,0,0,0,0,6,0,2,,,
Molly,20000808,4,7,1,10.4,,1,1,0,0,0,0,0,4,1,0,0,0,0,0,0,1,8,0,7,,,
Molly,20000808,4,8,1,1.6,,0,0,1,0,0,0,2,2,0,0,0,0,0,0,0,0,2,0,7,,,
Molly,20000808,4,9,1,0,,,,,,,,,,,,,,,,,,,,,,,
Molly,20000808,4,10,1,13.6,,0,1,1,1,0,0,5,2,0,0,0,0,0,0,0,0,7,0,2,,,
Molly,20000808,4,11,1,7.2,damaged,0,3,0,0,0,0,0,1,0,0,0,0,0,0,0,0,2,0,1,,,
Molly,20000808,4,12,1,4.2,,0,0,0,0,0,0,0,1,0,0,0,0,0,0,0,0,2,0,1,,,
Molly,20000808,4,13,1,12.6,,0,5,2,0,0,0,2,1,11,0,0,0,0,0,0,2,0,0,3,,,
Molly,20000808,4,14,1,4.5,,0,0,0,0,0,0,1,2,0,0,0,0,0,0,0,1,2,0,5,,,
Molly,20000808,4,15,1,3,,0,0,0,0,0,0,0,0,0,0,0,0,0,0,0,1,8,0,0,,,
Molly,20000808,4,16,1,0,,,,,,,,,,,,,,,,,,,,,,,
Molly,20000808,4,17,1,15,,1,8,2,1,0,5,11,6,1,0,0,0,0,0,0,0,2,0,4,,,
Molly,20000808,4,18,1,0.4,,0,0,0,0,0,0,0,0,0,0,0,0,0,0,0,,,,0,,,
Molly,20000808,4,19,1,3.2,,1,3,1,0,0,0,0,5,4,0,0,0,0,0,0,0,3,0,3,,,
Molly,20000808,4,20,1,13.2,,1,1,1,0,0,9,0,1,0,0,0,0,0,0,0,1,3,0,1,,,
Molly,20000808,4,7,2,0,,,,,,,,,,,,,,,,,,,,,,,
Molly,20000808,4,2,2,5.1,,0,0,0,0,0,0,8,1,0,0,0,0,0,0,0,2,2,0,1,,,
Molly,20000808,4,14,2,5.4,,0,0,0,0,0,1,0,0,0,0,0,0,0,0,0,0,7,0,0,,,
Molly,20000808,4,14,3,1.1,,0,0,0,0,0,1,0,0,0,0,0,0,0,0,0,0,23,0,1,,,
Molly,20000808,4,14,4,0,,,,,,,,,,,,,,,,,,,,,,,
Molly,20000808,4,16,2,1.8,,0,0,0,0,0,0,0,4,0,0,0,0,0,0,0,1,46,200,14,,,
Molly,20000808,4,16,3,8.8,,0,8,2,0,0,0,0,1,0,0,0,0,0,0,0,4,12,100,0,,,
Molly,20000808,4,17,2,8.9,,1,30,0,0,0,0,2,0,0,0,0,0,0,0,0,0,1,100,6,,,
Molly,20000808,4,20,2,9.7,damaged,0,1,3,1,0,0,0,3,5,0,0,1,0,0,0,0,38,0,6,,,
Molly,20000808,4,10,2,8.6,,0,13,4,0,0,0,10,0,0,0,0,0,0,0,0,0,20,0,3,,,
Molly,20000808,4,10,3,0,hole,,,,,,,,,,,,,,,,,,,,,,
Molly,20000808,4,18,2,2,,0,0,0,0,0,0,0,0,0,0,0,0,0,0,0,0,16,0,1,,,
Molly,20000808,4,18,3,0,hole,,,,,,,,,,,,,,,,,,,,,,
Molly,20000808,4,19,2,5.4,,0,13,0,0,0,0,1,1,0,0,0,0,0,0,0,0,5,0,0,,,
Molly,20000808,4,11,2,9,,0,0,1,2,0,0,5,0,1,0,0,0,0,0,1,8,6,0,3,,,
Molly,20000808,4,15,2,6.1,,0,2,0,1,0,0,0,0,0,0,0,0,1,0,0,1,5,0,0,,,
Molly,20000808,4,6,2,9.2,,0,0,0,1,0,0,1,1,0,0,0,0,0,0,0,0,21,0,5,,,
Molly,20000808,4,4,2,,eaten,,,,,,,,,,,,,,,,,,,,,,
Molly,20000808,4,4,3,0,,,,,,,,,,,,,,,,,,,,,,,
Molly,20000808,4,9,2,0.3,,0,0,0,0,0,1,0,0,0,0,0,0,0,0,0,0,24,0,0,,,
Molly,20000808,4,12,2,2,,0,3,0,0,0,0,1,0,0,0,0,0,0,0,0,0,0,0,0,,,
Molly,20000808,4,13,2,3,,0,0,0,0,0,1,0,0,0,0,0,0,0,0,0,0,7,0,0,,,
Molly,20000808,4,13,3,7,,0,13,0,0,0,0,0,0,0,0,0,0,0,0,0,2,2,0,3,,,
Molly,20000808,4,5,2,6.4,damaged,0,1,29,4,0,13,2,1,0,0,0,0,0,0,0,3,4,0,4,,,
Molly,20000808,4,5,3,17.1,,0,0,1,4,0,0,4,4,0,0,0,0,0,0,0,0,0,0,1,,,
Molly,20000808,4,8,2,0.6,,0,0,0,0,0,1,4,1,0,0,0,0,0,0,0,,,,3,,,
Molly,20000815,1,1,1,2.8,,1,0,0,0,0,5,4,1,0,0,0,0,0,0,0,0,11,0,0,,,
Molly,20000815,1,2,1,1.6,,0,0,0,0,0,0,0,0,0,0,0,0,0,0,0,0,20,0,8,,,
Molly,20000815,1,3,1,6.7,,0,1,1,0,0,3,3,11,0,0,0,0,0,0,0,0,1,0,4,,,
Molly,20000815,1,4,1,5.6,,0,1,0,0,0,0,0,11,0,0,0,0,0,0,0,0,2,0,3,,,
Molly,20000815,1,5,1,4.4,damaged,0,0,0,0,0,0,0,2,1,0,0,0,0,0,0,0,5,0,1,,,
Molly,20000815,1,6,1,0.5,,0,0,0,0,0,1,0,0,0,0,0,0,0,0,0,,,,0,,,
Molly,20000815,1,7,1,1.8,,0,0,0,0,0,6,0,0,0,0,0,0,1,0,0,0,3,0,1,,,
Molly,20000815,1,8,1,8.1,,0,1,4,0,0,1,1,3,2,0,0,0,0,0,0,1,1,0,4,,,
Molly,20000815,1,9,1,4.9,,0,0,1,1,0,0,0,0,0,0,0,0,0,0,0,1,7,0,0,,,
Molly,20000815,1,10,1,15,,0,2,1,0,0,1,4,5,0,0,0,0,0,0,0,1,5,0,5,,,
Molly,20000815,1,11,1,32.4,,1,1,2,0,0,8,9,2,0,0,0,0,0,0,0,1,9,0,8,,,
Molly,20000815,1,12,1,52,damaged,0,2,1,0,0,0,12,3,0,0,0,0,0,0,0,0,15,0,3,,,
Molly,20000815,1,13,1,,eaten,,,,,,,,,,,,,,,,,,,,,,
Molly,20000815,1,14,1,11.6,,0,0,1,0,0,0,3,0,3,0,0,0,0,0,0,0,2,0,4,,,
Molly,20000815,1,15,1,0.5, hole+damaged,,,,,,,,,,,,,,,,,,,,,,
Molly,20000815,1,16,1,2.4,,0,0,0,0,0,0,1,0,0,0,0,0,0,0,0,0,5,0,2,,,
Molly,20000815,1,17,1,10.8,,1,0,0,1,0,1,0,1,0,0,0,0,0,0,0,0,3,0,6,,,
Molly,20000815,1,18,1,8.4,,0,1,0,1,0,2,1,5,8,0,0,0,0,0,0,0,37,0,1,,,
Molly,20000815,1,19,1,1.6,,0,0,0,0,0,10,0,0,0,0,0,0,0,0,0,0,3,0,2,,,
Molly,20000815,1,20,1,4.2,,0,0,0,0,0,6,7,1,0,0,0,0,0,0,0,0,2,0,2,,,
Molly,20000815,2,1,1,3.3,,0,0,1,0,0,0,1,0,3,0,0,0,0,0,0,0,3,0,0,,,
Molly,20000815,2,2,1,5.7,,1,1,3,0,0,4,1,0,0,0,0,0,0,0,0,0,0,0,1,,,
Molly,20000815,2,3,1,1.4,,0,0,0,0,0,0,2,0,0,0,0,0,0,0,0,0,16,100,0,,,
Molly,20000815,2,4,1,5,,0,0,0,0,0,2,3,1,1,0,0,0,0,0,0,1,4,0,4,,,
Molly,20000815,2,5,1,6.8,,0,0,1,1,0,10,0,0,1,0,0,0,0,0,0,1,4,0,0,,,
Molly,20000815,2,6,1,23.2,,0,2,3,1,0,2,13,0,1,0,0,0,0,0,0,0,0,0,7,,,
Molly,20000815,2,7,1,12.5,,1,1,0,0,0,9,1,0,0,0,0,0,0,0,0,4,1,0,1,,,
Molly,20000815,2,8,1,,eaten,,,,,,,,,,,,,,,,,,,,,,
Molly,20000815,2,9,1,11.4,,0,0,0,1,0,2,1,0,0,0,0,0,0,0,0,0,3,0,3,,,
Molly,20000815,2,10,1,19.6,,0,1,1,0,0,1,3,2,0,0,0,0,0,0,0,0,1,0,0,,,
Molly,20000815,2,11,1,6.4,,1,0,0,0,0,1,4,0,0,0,0,0,0,0,0,0,4,0,0,,,
Molly,20000815,2,12,1,12,,0,0,0,0,0,2,6,3,0,0,0,0,0,0,0,0,1,0,3,,,
Molly,20000815,2,13,1,9.6,,2,0,2,0,0,0,0,2,1,0,0,0,0,0,0,0,0,0,1,,,
Molly,20000815,2,14,1,5.8,,0,0,0,0,0,9,2,1,0,0,0,0,0,0,0,0,0,0,3,,,
Molly,20000815,2,15,1,2,,0,0,0,0,0,0,1,1,0,0,0,0,0,0,0,0,36,0,0,,,
Molly,20000815,2,16,1,6.7,,1,0,2,0,0,0,2,0,0,0,0,0,0,0,0,0,2,0,0,,,
Molly,20000815,2,17,1,13.3,,2,0,0,1,0,2,3,23,2,0,0,0,0,0,1,0,4,0,1,,,
Molly,20000815,2,18,1,1.6,damaged,0,0,0,0,0,0,0,0,0,0,0,0,0,0,0,0,13,0,0,,,
Molly,20000815,2,19,1,2.6,,0,1,0,0,0,0,5,0,0,0,0,0,0,0,0,0,3,0,1,,,
Molly,20000815,2,20,1,19.2,,1,2,4,0,0,17,6,5,0,0,0,0,0,0,0,0,0,0,3,,,
Molly,20000815,3,1,1,6.6,,0,0,0,1,0,1,0,0,0,0,0,0,0,0,0,0,2,0,2,,,
Molly,20000815,3,2,1,24.2,,0,1,3,0,0,0,13,13,0,0,0,0,0,0,0,2,1,0,0,,,
Molly,20000815,3,3,1,3.2,,0,0,0,0,0,1,1,0,0,0,0,0,0,0,0,3,0,0,2,,,
Molly,20000815,3,4,1,7,,1,0,0,0,0,0,5,2,0,0,0,0,0,0,0,0,1,0,0,,,
Molly,20000815,3,5,1,3,damaged,0,0,0,0,0,4,1,3,0,0,0,0,0,0,0,5,3,0,1,,,
Molly,20000815,3,6,1,25.5,,2,0,0,0,0,15,2,0,0,0,0,0,0,0,0,1,2,0,0,,,
Molly,20000815,3,7,1,13.8,,0,2,1,0,0,7,4,3,0,0,0,0,0,0,0,0,2,0,1,,,
Molly,20000815,3,8,1,3.4,,0,0,0,0,0,1,2,0,0,0,0,0,0,0,0,0,3,0,0,,,
Molly,20000815,3,9,1,10,,0,1,0,0,0,10,1,0,0,0,0,0,0,0,0,0,10,0,2,,,
Molly,20000815,3,10,1,27.4,,0,3,2,1,0,8,15,2,1,0,0,0,0,0,0,0,8,0,0,,,
Molly,20000815,3,11,1,5.4,,0,0,0,0,0,6,0,0,0,0,0,0,0,0,0,0,9,0,0,,,
Molly,20000815,3,12,1,17.5,,1,1,2,0,0,2,8,3,2,0,0,0,0,0,0,0,4,0,4,,,
Molly,20000815,3,13,1,2,,0,0,0,0,0,0,1,0,0,0,0,0,0,0,0,0,4,0,0,,,
Molly,20000815,3,14,1,1.6,,0,0,0,0,0,0,0,0,1,0,0,0,0,0,0,0,8,0,0,,,
Molly,20000815,3,15,1,3.4,,0,0,0,0,0,5,2,0,0,0,0,0,0,0,0,3,8,0,2,,,
Molly,20000815,3,16,1,10.2,,0,1,2,0,0,4,0,5,2,0,0,0,0,0,0,0,0,0,2,,,
Molly,20000815,3,17,1,8.2,,1,0,0,0,0,3,2,2,0,0,0,0,0,0,0,0,14,0,1,,,
Molly,20000815,3,18,1,4,damaged,0,0,0,0,0,0,2,5,0,0,0,0,0,0,0,0,4,0,4,,,
Molly,20000815,3,19,1,11.3,,1,1,3,1,0,4,3,1,0,0,0,0,0,0,0,0,11,0,1,,,
Molly,20000815,3,20,1,14.3,,0,0,0,0,0,3,14,1,0,0,0,0,0,0,0,0,14,0,0,,,
Molly,20000815,4,1,1,6.4,,0,0,0,0,0,0,2,0,6,0,0,0,0,0,0,0,6,200,0,,,
Molly,20000815,4,2,1,11.2,,0,0,0,0,0,2,15,0,0,0,0,0,0,0,0,1,0,0,2,,,
Molly,20000815,4,3,1,9.7,,1,0,2,0,0,0,2,1,2,0,0,0,0,0,0,0,7,0,5,,,
Molly,20000815,4,4,1,,eaten,,,,,,,,,,,,,,,,,,,,,,
Molly,20000815,4,5,1,2.6,,0,0,0,0,0,0,5,3,1,0,0,0,0,0,0,1,67,0,1,,,
Molly,20000815,4,6,1,5.6,,0,0,1,0,0,1,1,1,0,0,0,0,0,0,0,1,7,0,1,,,
Molly,20000815,4,7,1,11.6,,0,0,0,0,0,6,3,1,0,0,0,0,0,0,0,1,0,0,5,,,
Molly,20000815,4,8,1,2,,0,0,1,0,0,5,0,0,0,0,0,0,0,0,0,0,8,0,5,,,
Molly,20000815,4,9,1,0,,,,,,,,,,,,,,,,,,,,,,,
Molly,20000815,4,10,1,15.2,,1,1,1,1,0,6,6,3,1,0,0,0,0,1,0,0,8,0,3,,,
Molly,20000815,4,11,1,8.9,damaged,0,2,2,0,0,11,0,0,1,0,0,0,0,0,0,0,2,0,4,,,
Molly,20000815,4,12,1,4.4,,0,1,2,0,0,0,1,0,1,0,0,0,0,0,0,0,1,0,1,,,
Molly,20000815,4,13,1,13,,1,5,4,0,0,4,0,1,5,0,0,0,0,0,0,0,11,50,1,,,
Molly,20000815,4,14,1,4.3,,0,0,0,0,0,0,0,3,0,0,0,0,0,0,0,0,14,0,2,,,
Molly,20000815,4,15,1,3.7,,1,0,0,0,0,1,2,0,0,0,0,0,0,0,0,0,11,0,2,,,
Molly,20000815,4,16,1,0,,,,,,,,,,,,,,,,,,,,,,,
Molly,20000815,4,17,1,17,,3,3,4,0,0,5,3,0,4,0,0,0,0,0,0,1,3,0,1,,,
Molly,20000815,4,18,1,1.2,,0,0,0,0,0,3,1,0,0,0,0,0,0,0,0,0,18,0,0,,,
Molly,20000815,4,19,1,7.7,,1,4,0,0,0,0,2,6,4,0,0,0,0,0,0,0,6,0,2,,,
Molly,20000815,4,20,1,9.4,,3,1,2,0,0,7,5,3,1,0,0,0,0,0,0,0,3,0,2,,,
Molly,20000815,4,7,2,0.1,,0,0,0,0,0,0,0,0,0,0,0,0,0,0,0,,,,0,,,
Molly,20000815,4,2,2,5.3,,0,0,1,0,0,0,0,1,0,0,0,0,0,0,0,0,0,0,5,,,
Molly,20000815,4,14,2,5.2,,0,0,0,0,0,5,2,0,0,0,0,0,0,0,0,0,6,0,1,,,
Molly,20000815,4,14,3,1,,0,0,0,0,0,2,4,0,0,0,0,0,0,0,0,0,5,0,0,,,
Molly,20000815,4,14,4,0.8,,2,0,0,0,0,1,0,0,0,0,0,0,0,0,0,0,1,0,0,,,
Molly,20000815,4,16,2,1.2,,0,0,0,0,0,0,1,1,1,0,0,0,0,0,0,0,4,0,4,,,
Molly,20000815,4,16,3,1,,0,0,22,0,0,0,0,11,0,0,0,0,0,0,1,4,0,0,2,,,
Molly,20000815,4,16,4,0,,,,,,,,,,,,,,,,,,,,,,,
Molly,20000815,4,17,2,9.4,,0,0,29,0,0,0,3,1,0,0,0,0,0,0,0,0,15,0,4,,,
Molly,20000815,4,20,2,0.4,damaged,1,0,1,1,0,1,3,0,0,0,0,1,0,0,0,0,2,0,2,,,
Molly,20000815,4,10,2,8.6,,0,1,11,4,0,0,5,2,0,0,0,0,0,0,1,3,0,100,2,,,
Molly,20000815,4,10,3,0,,,,,,,,,,,,,,,,,,,,,,,
Molly,20000815,4,19,2,5.7,,2,10,0,0,0,1,0,0,0,0,0,0,0,0,0,0,7,0,4,,,
Molly,20000815,4,18,2,2.4,,0,0,0,0,0,4,0,0,0,0,0,0,0,0,0,0,42,0,2,,,
Molly,20000815,4,18,3,0,hole,,,,,,,,,,,,,,,,,,,,,,
Molly,20000815,4,11,2,10.4,,0,0,0,0,0,1,2,0,0,0,0,0,0,0,0,0,15,0,1,,,
Molly,20000815,4,11,3,1.2,,1,0,0,0,0,0,0,0,0,0,0,0,0,0,0,3,6,0,0,,,
Molly,20000815,4,15,2,6.4,,1,5,0,1,0,0,1,0,0,0,0,0,0,0,0,2,5,0,2,,,
Molly,20000815,4,15,3,0.1,,0,0,0,0,0,0,0,0,0,0,0,0,0,0,0,0,,0,2,,,
Molly,20000815,4,6,2,9.3,,1,0,0,0,0,2,4,0,0,0,0,0,0,0,0,0,18,0,10,,,
Molly,20000815,4,6,3,0,,,,,,,,,,,,,,,,,,,,,,,
Molly,20000815,4,4,2,,eaten,,,,,,,,,,,,,,,,,,,,,,
Molly,20000815,4,4,3,3.8,,0,17,0,0,0,0,0,0,0,0,0,0,0,0,0,3,34,0,1,,,
Molly,20000815,4,9,2,0.6,,0,0,0,0,0,5,1,0,0,0,0,0,0,0,0,,,0,0,,,
Molly,20000815,4,12,2,2.6,,0,5,0,0,0,0,0,0,0,0,0,0,0,0,0,0,3,0,0,,,
Molly,20000815,4,13,2,2.2,,2,0,0,0,0,0,0,0,0,0,0,0,0,0,0,0,12,0,0,,,
Molly,20000815,4,13,3,8.2,,0,2,10,0,0,1,3,1,0,0,0,0,0,0,0,0,34,0,6,,,
Molly,20000815,4,5,2,22.8,damaged,1,0,31,2,0,1,2,12,4,0,0,0,0,0,0,0,0,0,2,,,
Molly,20000815,4,5,3,27,,0,0,0,1,0,0,1,4,0,0,0,0,0,0,0,0,0,0,1,,,
Molly,20000815,4,8,2,0.4,,0,0,0,0,0,1,0,2,0,0,0,0,0,0,0,,,,1,,,
Molly,20000822,1,1,1,1.6,,1,0,0,0,0,2,4,1,0,0,0,0,0,0,0,0,2,0,0,,,
Molly,20000822,1,2,1,1.6,,1,0,0,0,0,0,0,1,0,0,0,0,0,0,0,0,4,0,0,,,
Molly,20000822,1,3,1,2.1,,0,1,1,0,0,8,4,3,0,0,0,0,0,0,0,0,0,0,2,,,
Molly,20000822,1,4,1,5.7,,0,2,0,0,0,10,3,2,1,0,0,0,0,0,0,0,4,0,6,,,
Molly,20000822,1,5,1,4.8,,0,0,0,0,0,0,1,0,0,0,0,0,0,0,0,0,15,0,2,,,
Molly,20000822,1,6,1,0.6,,0,1,0,0,0,1,0,0,0,0,0,0,0,0,0,,,,0,,,
Molly,20000822,1,7,1,2.2,,0,0,0,0,0,0,10,0,0,0,0,0,0,0,0,0,6,0,2,,,
Molly,20000822,1,8,1,8,,0,0,0,0,0,0,6,5,0,0,0,0,0,0,0,0,0,0,2,,,
Molly,20000822,1,9,1,5.2,,0,0,0,1,0,2,1,0,0,0,0,0,0,0,0,0,1,0,1,,,
Molly,20000822,1,10,1,17,,0,2,1,0,0,3,12,7,0,0,0,0,0,0,0,0,5,0,2,,,
Molly,20000822,1,11,1,32.4,,0,1,5,0,0,3,20,4,3,0,0,0,0,0,0,0,1,0,3,,,
Molly,20000822,1,12,1,3.8,,0,0,0,0,0,0,1,0,0,0,0,0,0,0,0,1,0,0,0,,,
Molly,20000822,1,13,1,,eaten,,,,,,,,,,,,,,,,,,,,,,
Molly,20000822,1,14,1,10.8,,0,0,0,0,0,0,0,3,1,0,0,0,0,0,0,0,22,0,1,,,
Molly,20000822,1,15,1,0,,,,,,,,,,,,,,,,,,,,,,,
Molly,20000822,1,16,1,1.9,,0,0,0,0,0,0,2,0,1,0,0,0,0,0,0,0,4,0,3,,,
Molly,20000822,1,17,1,8.6,,2,0,0,1,0,0,3,0,0,0,0,0,0,0,0,2,6,0,3,,,
Molly,20000822,1,18,1,8,,1,0,1,0,0,4,0,3,5,0,0,0,0,1,0,0,2,0,3,,,
Molly,20000822,1,19,1,2.4,,0,0,0,0,0,0,7,0,0,0,0,0,0,0,0,0,7,0,2,,,
Molly,20000822,1,20,1,3.4,,0,0,0,0,0,3,11,2,0,0,0,0,0,0,0,0,0,0,0,,,
Molly,20000822,2,1,1,3.6,,0,0,0,0,0,0,2,1,0,0,0,0,0,0,0,0,3,0,1,,,
Molly,20000822,2,2,1,5.4,,0,2,2,0,0,3,3,1,1,0,0,0,0,0,0,0,6,0,1,,,
Molly,20000822,2,3,1,1.2,,0,0,0,0,0,0,1,0,0,0,0,0,0,0,0,0,14,0,0,,,
Molly,20000822,2,4,1,4.6,,0,0,0,0,0,0,4,2,2,0,0,0,0,0,0,0,21,0,2,,,
Molly,20000822,2,5,1,6.3,,1,1,0,1,0,3,4,2,0,0,0,0,0,0,0,0,2,0,0,,,
Molly,20000822,2,6,1,21.9,,1,3,3,0,0,47,6,0,0,0,0,0,0,0,0,0,0,0,6,,,
Molly,20000822,2,7,1,11.6,,0,3,0,0,0,9,2,0,1,0,0,0,0,0,0,1,0,0,0,,,
Molly,20000822,2,8,1,3.4,,0,0,0,0,0,0,0,2,0,0,0,0,0,0,0,0,17,0,1,,,
Molly,20000822,2,9,1,10.2,,1,0,0,0,0,3,2,0,0,0,0,0,0,0,0,0,1,0,1,,,
Molly,20000822,2,10,1,19.2,,1,1,3,0,0,3,13,0,5,0,0,0,0,0,0,0,0,0,2,,,
Molly,20000822,2,11,1,7.5,,0,0,0,0,0,0,9,0,0,0,0,0,0,0,0,0,0,0,1,,,
Molly,20000822,2,12,1,9.8,,0,1,0,0,0,3,5,0,1,0,0,0,0,0,0,0,0,0,1,,,
Molly,20000822,2,13,1,7.5,,0,2,0,3,0,0,2,1,0,0,0,0,0,0,0,0,4,0,1,,,
Molly,20000822,2,14,1,5,,0,1,0,0,0,5,9,1,0,0,0,0,0,0,0,0,0,0,3,,,
Molly,20000822,2,15,1,0.7,,0,0,0,0,0,0,1,0,0,0,0,0,0,0,0,,,,0,,,
Molly,20000822,2,16,1,10,,0,0,0,0,0,3,0,0,0,0,0,0,0,0,0,0,7,0,1,,,
Molly,20000822,2,17,1,12.5,,1,3,0,0,0,0,5,14,1,0,0,0,0,1,0,0,2,0,2,,,
Molly,20000822,2,18,1,0.5,,0,0,0,0,0,1,5,0,0,0,0,0,0,0,0,,,,1,,,
Molly,20000822,2,19,1,2,,0,1,0,0,0,2,5,0,0,0,0,0,0,0,0,1,2,0,2,,,
Molly,20000822,2,20,1,20.2,,3,1,2,0,0,25,6,1,3,0,0,0,0,0,0,0,0,0,3,,,
Molly,20000822,3,1,1,6.6,,0,0,0,0,0,2,2,8,0,0,0,0,0,0,0,0,2,0,2,,,
Molly,20000822,3,2,1,23.1,,0,2,4,0,0,2,11,9,0,0,0,0,0,0,0,0,1,0,0,,,
Molly,20000822,3,3,1,2.6,,0,0,0,0,0,0,1,0,0,0,0,0,0,0,0,1,10,0,2,,,
Molly,20000822,3,4,1,6.8,,5,1,0,0,0,0,9,1,0,0,0,0,0,0,0,0,2,0,1,,,
Molly,20000822,3,5,1,3,,0,0,1,0,0,2,2,0,1,0,0,0,0,0,0,0,7,0,1,,,
Molly,20000822,3,6,1,24.5,,4,6,3,1,0,34,9,2,0,0,0,0,0,0,0,0,3,0,1,,,
Molly,20000822,3,7,1,12.2,,0,2,0,1,0,0,3,17,0,0,0,0,0,0,0,0,8,0,1,,,
Molly,20000822,3,8,1,3.2,,0,2,0,0,0,0,0,0,0,0,0,0,0,0,0,0,6,0,0,,,
Molly,20000822,3,9,1,8.6,,0,0,1,0,0,0,18,2,0,0,0,0,0,0,0,0,12,0,3,,,
Molly,20000822,3,10,1,28,,3,0,2,2,0,7,26,3,2,0,0,0,0,0,0,0,1,0,2,,,
Molly,20000822,3,11,1,8.9,,0,0,1,0,0,17,1,5,0,0,0,0,0,0,0,0,10,0,1,,,
Molly,20000822,3,12,1,14.3,,1,3,0,0,0,4,9,2,2,0,0,0,0,0,0,1,1,0,7,,,
Molly,20000822,3,13,1,1.6,,1,0,0,0,0,1,3,0,0,0,0,0,0,0,0,0,2,0,1,,,
Molly,20000822,3,14,1,2.3,,0,0,0,0,0,1,1,0,0,0,0,0,0,0,0,0,16,0,0,,,
Molly,20000822,3,15,1,3.2,,1,0,0,0,0,2,0,2,0,0,0,0,0,0,0,0,7,0,1,,,
Molly,20000822,3,16,1,9.4,,4,1,2,0,0,3,0,0,1,0,0,0,0,0,0,0,0,0,0,,,
Molly,20000822,3,17,1,7.6,,1,2,0,0,0,0,10,5,0,0,0,0,0,0,0,0,7,0,1,,,
Molly,20000822,3,18,1,3.6,,0,0,0,0,0,0,1,1,0,0,0,0,0,0,0,1,1,0,3,,,
Molly,20000822,3,19,1,11.4,,1,2,3,0,0,21,8,3,0,0,0,0,0,0,0,0,3,0,0,,,
Molly,20000822,3,20,1,12.8,,0,0,0,0,0,19,6,0,0,0,0,0,0,0,0,0,19,0,0,,,
Molly,20000822,4,2,1,8.6,,1,0,0,0,0,6,22,0,0,0,0,0,0,0,0,6,2,0,6,,,
Molly,20000822,4,2,2,5.1,,0,0,0,1,0,1,2,0,1,0,0,0,0,0,0,2,1,0,2,,,
Molly,20000822,4,7,1,11,,1,0,0,0,0,0,2,0,1,0,0,0,0,0,0,0,2,0,1,,,
Molly,20000822,4,7,2,0,,,,,,,,,,,,,,,,,,,,,,,
Molly,20000822,4,7,3,0,,,,,,,,,,,,,,,,,,,,,,,
Molly,20000822,4,14,1,2.6,,0,0,0,0,0,1,0,0,0,0,0,0,0,0,0,0,1,0,0,,,
Molly,20000822,4,14,2,5.5,,0,0,0,0,0,9,9,0,0,0,0,0,0,0,0,0,0,0,2,,,
Molly,20000822,4,14,3,1.2,,0,0,0,0,0,2,6,1,0,0,0,0,0,0,0,2,0,0,1,,,
Molly,20000822,4,14,4,1.2,,0,4,0,0,0,2,0,0,0,0,0,0,0,0,0,0,1,0,0,,,
Molly,20000822,4,14,5,0,,,,,,,,,,,,,,,,,,,,,,,
Molly,20000822,4,16,1,0,,,,,,,,,,,,,,,,,,,,,,,
Molly,20000822,4,16,2,1.7,,0,0,0,0,0,0,1,1,0,0,0,0,0,0,0,2,16,0,2,,,
Molly,20000822,4,16,3,11.6,,0,2,11,0,0,4,2,11,1,0,0,0,0,0,0,0,3,0,4,,,
Molly,20000822,4,16,4,2,,24,0,0,0,0,8,0,0,0,0,0,0,0,0,0,0,3,0,0,,,
Molly,20000822,4,1,1,5.4,,0,0,0,0,0,0,0,2,3,0,0,0,0,0,0,3,13,200,1,,,
Molly,20000822,4,1,2,0.2,,0,0,0,0,0,0,0,0,0,0,0,0,0,0,0,,,,0,,,
Molly,20000822,4,1,3,0,,,,,,,,,,,,,,,,,,,,,,,
Molly,20000822,4,3,1,8,,1,1,1,0,0,2,5,1,1,0,0,0,0,0,0,0,1,0,6,,,
Molly,20000822,4,3,2,0,,,,,,,,,,,,,,,,,,,,,,,
Molly,20000822,4,17,1,15,,5,0,0,0,0,16,2,0,0,0,0,0,0,0,0,0,0,0,3,,,
Molly,20000822,4,17,2,9.6,,1,2,12,0,0,0,5,0,0,0,0,0,0,0,0,0,4,0,1,,,
Molly,20000822,4,17,3,0,,,,,,,,,,,,,,,,,,,,,,,
Molly,20000822,4,20,1,8.2,,3,1,2,0,0,2,6,5,4,0,0,0,0,0,0,0,2,0,1,,,
Molly,20000822,4,20,2,8,,2,0,0,1,0,2,10,0,0,0,0,0,0,0,0,0,0,0,2,,,
Molly,20000822,4,20,3,1.8,,17,0,0,0,0,0,0,1,0,0,0,0,0,0,0,0,22,0,0,,,
Molly,20000822,4,10,1,13.3,,0,1,1,1,0,0,5,9,2,0,0,0,0,0,0,0,2,0,3,,,
Molly,20000822,4,10,2,8.2,,0,1,8,0,0,1,9,1,0,0,0,0,0,0,1,2,5,0,0,,,
Molly,20000822,4,10,3,0,,,,,,,,,,,,,,,,,,,,,,,
Molly,20000822,4,18,1,0.2,,0,0,0,0,0,0,1,0,0,0,0,0,0,0,0,,,,0,,,
Molly,20000822,4,18,2,1.8,,0,0,0,0,0,0,1,3,0,0,0,0,0,0,0,0,57,0,3,,,
Molly,20000822,4,18,3,0.1,,0,0,0,0,0,0,0,0,0,0,0,0,0,0,0,,,,0,,,
Molly,20000822,4,18,4,0,,,,,,,,,,,,,,,,,,,,,,,
Molly,20000822,4,11,1,5.8,,0,1,0,0,0,1,1,0,0,0,0,0,0,0,0,0,1,0,2,,,
Molly,20000822,4,11,2,12.5,,0,0,1,0,0,0,4,7,0,0,0,0,0,0,0,0,11,0,2,,,
Molly,20000822,4,11,3,3.8,,1,0,0,0,0,0,0,1,0,0,0,0,0,0,0,0,27,0,0,,,
Molly,20000822,4,11,4,0,,,,,,,,,,,,,,,,,,,,,,,
Molly,20000822,4,15,1,4.2,,0,0,0,0,0,2,0,0,0,0,0,0,0,0,0,0,24,0,0,,,
Molly,20000822,4,15,2,6.4,,1,2,4,1,0,5,0,0,0,0,0,0,0,0,0,0,6,0,1,,,
Molly,20000822,4,15,3,1.2,,4,0,0,0,0,0,0,0,0,0,0,0,0,0,0,1,15,0,0,,,
Molly,20000822,4,6,1,5,,0,0,0,0,0,2,7,5,0,0,0,0,0,0,0,0,21,0,3,,,
Molly,20000822,4,6,2,9.3,,0,0,0,0,0,2,28,6,1,0,0,0,0,0,0,0,38,0,2,,,
Molly,20000822,4,6,3,2.2,,6,0,0,0,0,1,1,0,0,0,0,0,0,0,0,0,20,0,0,,,
Molly,20000822,4,19,1,7.2,,6,4,3,0,0,0,4,5,5,0,0,0,0,0,0,3,7,0,3,,,
Molly,20000822,4,19,2,4.6,,2,0,2,0,0,0,2,1,1,0,0,0,0,0,0,0,12,0,2,,,
Molly,20000822,4,19,3,0,,,,,,,,,,,,,,,,,,,,,,,
Molly,20000822,4,4,1,0,,,,,,,,,,,,,,,,,,,,,,,
Molly,20000822,4,4,2,0,,,,,,,,,,,,,,,,,,,,,,,
Molly,20000822,4,4,3,7.5,,0,5,0,0,0,0,0,0,0,0,0,0,0,0,1,0,10,0,0,,,
Molly,20000822,4,9,1,0,,,,,,,,,,,,,,,,,,,,,,,
Molly,20000822,4,9,2,0.4,,0,0,0,0,0,2,0,0,0,0,0,0,0,0,0,,,,0,,,
Molly,20000822,4,13,1,12.6,,1,6,3,0,0,2,0,3,5,0,0,0,0,0,0,0,13,0,2,,,
Molly,20000822,4,13,2,1.8,,0,0,0,0,0,0,3,0,0,0,0,0,0,0,0,0,10,0,0,,,
Molly,20000822,4,13,3,9,,0,1,11,0,0,0,17,2,0,0,0,0,0,0,0,8,5,0,4,,,
Molly,20000822,4,5,1,2.8,,0,0,0,0,0,0,2,5,4,0,0,0,0,0,0,0,38,0,2,,,
Molly,20000822,4,5,2,19.4,,1,3,24,0,0,1,1,7,4,0,0,0,0,0,0,0,0,0,2,,,
Molly,20000822,4,5,3,25.3,,0,1,2,2,0,0,2,2,0,0,0,0,0,0,0,0,5,0,0,,,
Molly,20000822,4,8,1,1.2,,0,0,1,0,0,0,0,1,0,0,0,0,0,0,0,0,1,0,1,,,
Molly,20000822,4,8,2,0.1,,0,0,0,0,0,0,0,3,0,0,0,0,0,0,0,,,0,0,,,
Molly,20000822,4,12,1,5,,0,0,2,0,0,0,8,2,0,0,0,0,0,0,0,0,0,0,0,,,
Molly,20000822,4,12,2,2.4,,0,0,2,0,0,1,3,0,0,0,0,0,0,0,0,0,8,0,0,,,
Molly,20000904,1,1,1,3.3,,0,0,1,0,0,0,0,0,0,0,0,0,0,0,0,0,2,0,0,,,
Molly,20000904,1,2,1,2.8,,0,0,0,0,0,0,0,2,0,0,0,0,0,0,0,0,21,0,0,,,
Molly,20000904,1,3,1,5.3,,0,0,0,0,0,0,1,1,0,0,0,0,0,0,0,1,0,0,1,,,
Molly,20000904,1,4,1,0.6,,0,0,0,0,0,0,0,0,0,0,0,0,0,0,0,2,1,0,0,,,
Molly,20000904,1,5,1,3.9,,0,0,0,0,0,0,0,0,0,0,0,0,0,0,0,0,10,0,1,,,
Molly,20000904,1,6,1,1.4,,0,0,0,0,0,0,3,0,0,0,0,0,0,0,0,1,5,0,1,,,
Molly,20000904,1,7,1,2.8,,0,0,0,0,0,0,2,0,0,0,0,0,0,0,0,0,15,0,1,,,
Molly,20000904,1,8,1,11.2,,0,0,4,0,0,0,3,3,4,0,0,0,0,0,0,0,0,0,2,,,
Molly,20000904,1,9,1,5.3,,0,0,0,0,0,0,0,0,0,0,0,0,0,0,0,0,0,0,0,,,
Molly,20000904,1,10,1,15.3,,0,1,1,0,0,0,1,2,1,0,0,0,0,0,0,1,2,0,1,,,
Molly,20000904,1,11,1,37,,0,0,0,0,0,0,0,0,0,0,0,0,0,0,0,1,1,0,0,,,
Molly,20000904,1,12,1,4.4,,0,0,0,0,0,0,0,0,0,0,0,0,0,0,0,0,0,0,0,,,
Molly,20000904,1,13,1,,damaged,,,,,,,,,,,,,,,,,,,,,,
Molly,20000904,1,14,1,10.4,,0,1,6,0,0,0,3,2,0,0,1,0,0,0,0,0,3,0,1,,,
Molly,20000904,1,15,1,0.7,damaged,0,0,0,0,0,0,0,0,0,0,0,0,0,0,0,0,2,0,1,,,
Molly,20000904,1,16,1,2.3,,0,1,0,0,0,0,0,1,0,0,0,0,0,0,0,0,5,0,0,,,
Molly,20000904,1,17,1,10.8,,0,2,0,0,0,0,5,4,5,0,0,0,0,0,0,0,2,0,4,,,
Molly,20000904,1,18,1,2.2,,0,1,0,0,0,0,9,0,0,0,0,0,0,0,0,0,6,0,0,,,
Molly,20000904,1,19,1,2.6,,0,0,0,0,0,0,0,0,0,0,0,0,0,0,0,0,13,200,0,,,
Molly,20000904,1,20,1,4.2,,0,0,0,0,0,0,2,0,0,0,0,0,0,0,0,0,1,0,0,,,
Molly,20000904,2,1,1,3.8,,0,0,0,0,0,1,2,1,0,0,0,0,0,0,0,0,4,0,0,,,
Molly,20000904,2,2,1,6.7,,0,2,4,0,0,0,3,0,0,0,0,0,0,0,0,0,0,0,1,,,
Molly,20000904,2,3,1,3.3,,0,0,0,0,0,4,1,3,0,0,0,0,0,0,0,0,17,0,0,,,
Molly,20000904,2,4,1,6.6,,0,2,3,0,0,2,7,1,2,0,0,0,0,0,0,0,0,0,2,,,
Molly,20000904,2,5,1,7.8,,0,1,2,0,0,0,5,5,0,0,0,0,0,0,0,0,4,0,1,,,
Molly,20000904,2,6,1,25.6,,0,4,2,0,0,0,13,3,0,0,0,0,0,0,0,0,0,0,4,,,
Molly,20000904,2,7,1,13.8,,0,1,0,0,0,0,3,2,0,0,0,0,0,0,0,0,0,0,1,,,
Molly,20000904,2,8,1,4.6,,0,0,1,0,0,1,0,0,0,0,0,0,0,0,0,0,1,0,0,,,
Molly,20000904,2,9,1,7.2,,0,0,0,0,0,0,0,0,0,0,0,0,0,0,0,0,4,0,0,,,
Molly,20000904,2,10,1,20.3,,0,5,0,0,0,0,2,1,0,0,0,0,0,0,0,0,0,0,0,,,
Molly,20000904,2,11,1,12.4,,0,0,0,0,0,0,1,0,0,0,0,0,0,0,0,1,0,0,0,,,
Molly,20000904,2,12,1,5.8,,0,2,0,0,0,0,4,0,0,0,0,0,0,0,0,0,0,0,2,,,
Molly,20000904,2,13,1,9,,1,2,3,0,0,4,2,2,0,0,0,0,0,0,0,0,1,0,2,,,
Molly,20000904,2,14,1,5.5,,0,0,1,0,0,0,0,1,0,0,0,0,0,0,0,0,0,0,1,,,
Molly,20000904,2,15,1,1.8,,0,0,0,0,0,0,0,0,0,0,0,0,0,0,0,0,7,0,0,,,
Molly,20000904,2,16,1,8,,0,1,0,1,0,0,5,1,0,0,0,0,0,0,0,0,8,0,1,,,
Molly,20000904,2,17,1,12.2,,1,2,0,0,0,0,9,13,1,0,0,0,0,0,0,0,2,0,2,,,
Molly,20000904,2,18,1,1.2,,0,0,0,0,0,0,0,0,0,0,0,0,0,0,0,0,2,0,0,,,
Molly,20000904,2,19,1,3.1,,0,0,0,0,0,0,0,0,0,0,0,0,0,0,0,0,3,0,0,,,
Molly,20000904,2,20,1,18.1,,0,2,1,0,0,0,3,3,2,0,0,0,0,0,0,0,0,0,0,,,
Molly,20000904,3,1,1,6.2,,0,0,0,0,0,0,5,3,0,0,0,0,0,0,0,0,9,0,2,,,
Molly,20000904,3,2,1,27.4,,0,2,1,0,0,0,2,2,0,0,0,0,0,0,0,0,0,0,0,,,
Molly,20000904,3,3,1,3.4,,0,0,0,0,0,0,0,0,0,0,0,0,0,0,0,3,4,0,0,,,
Molly,20000904,3,4,1,9.2,,0,0,0,0,0,0,0,0,0,0,0,0,0,0,0,0,5,0,0,,,
Molly,20000904,3,5,1,2.8,,0,0,0,0,0,1,8,1,1,0,0,0,0,0,0,1,3,0,1,,,
Molly,20000904,3,6,1,27.2,,0,6,1,7,0,0,30,10,6,0,0,0,0,0,0,0,0,0,4,,,
Molly,20000904,3,7,1,13.2,,0,0,1,1,0,1,10,3,4,0,0,0,0,0,0,0,0,0,1,,,
Molly,20000904,3,8,1,2.2,,0,0,0,0,0,0,2,0,0,0,0,0,0,0,0,0,8,0,0,,,
Molly,20000904,3,9,1,9.8,,1,0,0,0,0,0,1,1,0,0,0,0,0,0,0,0,1,0,1,,,
Molly,20000904,3,10,1,28.6,,2,2,7,4,0,0,22,21,7,0,0,0,0,0,0,0,2,0,2,,,
Molly,20000904,3,11,1,7.3,,0,0,1,1,0,0,2,7,2,0,0,0,0,0,0,0,1,0,2,,,
Molly,20000904,3,12,1,15.8,,0,1,2,0,0,0,1,0,0,0,0,0,0,0,0,0,0,0,0,,,
Molly,20000904,3,13,1,14.7,,3,0,0,0,0,1,0,0,0,0,0,0,0,0,0,0,1,0,1,,,
Molly,20000904,3,14,1,2.5,,0,0,0,0,0,2,0,0,0,0,0,0,0,0,0,0,26,0,1,,,
Molly,20000904,3,15,1,4.2,,0,0,0,0,0,4,2,1,0,0,0,0,0,0,0,0,4,0,0,,,
Molly,20000904,3,16,1,9.6,,0,3,1,0,0,0,5,5,4,0,0,0,0,0,0,0,1,0,1,,,
Molly,20000904,3,17,1,9.5,,0,5,1,0,0,0,6,1,12,0,0,0,0,0,0,0,2,0,2,,,
Molly,20000904,3,18,1,4.9,,0,0,0,0,0,0,3,0,0,0,0,0,0,0,0,0,7,0,2,,,
Molly,20000904,3,19,1,13.6,,0,3,3,0,0,0,22,6,0,0,0,0,0,0,0,2,1,0,0,,,
Molly,20000904,3,20,1,10,,0,0,2,0,0,0,5,6,2,0,0,0,0,0,0,0,0,0,1,,,
Molly,20000904,4,2,1,7.6,,0,0,0,0,0,0,0,0,0,0,0,0,0,0,0,1,2,0,2,,,
Molly,20000904,4,2,2,1.8,,0,0,0,0,0,0,0,0,0,0,0,0,0,0,0,0,5,0,1,,,
Molly,20000904,4,7,1,8.6,,0,1,1,0,0,0,0,0,0,0,0,0,0,0,0,0,4,0,0,,,
Molly,20000904,4,7,2,0,,,,,,,,,,,,,,,,,,,,,,,
Molly,20000904,4,7,3,0,,,,,,,,,,,,,,,,,,,,,,,
Molly,20000904,4,14,1,4.1,,0,0,0,0,0,0,0,0,0,0,0,0,0,0,0,0,4,10,2,,,
Molly,20000904,4,14,2,5.2,,0,0,0,0,0,0,0,0,0,0,0,0,0,0,0,0,0,0,0,,,
Molly,20000904,4,14,3,1.6,,0,0,0,0,0,0,2,0,0,0,0,0,0,0,0,0,5,0,0,,,
Molly,20000904,4,14,4,1,,0,0,0,0,0,0,2,2,0,0,0,0,0,0,0,1,2,0,0,,,
Molly,20000904,4,14,5,1,,0,0,0,0,0,0,3,1,0,0,0,0,0,0,0,4,3,0,0,,,
Molly,20000904,4,16,1,1,,0,0,0,0,0,0,1,0,0,0,0,0,0,0,0,0,4,0,0,,,
Molly,20000904,4,16,2,0.5,,0,0,0,0,0,0,0,0,0,0,0,0,0,0,0,0,1,0,0,,,
Molly,20000904,4,16,3,13.8,,0,1,1,0,0,0,4,0,0,0,0,0,0,0,0,0,0,0,0,,,
Molly,20000904,4,16,4,2.5,,0,20,5,0,0,0,0,3,0,0,0,0,0,0,0,0,0,0,0,,,
Molly,20000904,4,3,1,1,,0,0,0,0,0,0,0,0,0,0,0,0,0,0,0,1,1,0,0,,,
Molly,20000904,4,17,1,19.1,,5,0,1,0,0,0,3,0,1,0,0,0,0,0,0,0,3,0,0,,,
Molly,20000904,4,17,2,8.1,,5,0,20,0,0,2,0,0,0,0,0,0,0,0,0,0,1,0,0,,,
Molly,20000904,4,17,3,2.3,,15,0,0,0,0,0,0,0,0,0,0,0,0,0,0,0,2,0,0,,,
Molly,20000904,4,20,1,6.6,,0,1,1,1,0,0,0,0,0,0,0,0,0,0,0,0,0,0,0,,,
Molly,20000904,4,20,2,8.2,,1,0,1,1,0,0,0,0,0,0,0,0,0,0,0,0,1,0,1,,,
Molly,20000904,4,20,3,3.2,,0,8,8,0,0,0,3,0,0,0,0,0,0,0,0,0,0,0,0,,,
Molly,20000904,4,20,4,0.1,,0,0,0,0,0,0,0,0,0,0,0,0,0,0,0,0,,0,0,,,
Molly,20000904,4,10,1,14.1,,0,0,0,0,0,0,0,1,1,0,0,0,0,0,0,0,0,0,0,,,
Molly,20000904,4,10,2,4,,0,0,2,0,0,0,1,0,0,0,0,0,0,0,0,3,1,0,1,,,
Molly,20000904,4,10,3,0,,,,,,,,,,,,,,,,,,,,,,,
Molly,20000904,4,10,4,0,,,,,,,,,,,,,,,,,,,,,,,
Molly,20000904,4,18,1,1.8,,0,0,0,0,0,2,0,0,0,0,0,0,0,0,0,0,14,0,0,,,
Molly,20000904,4,18,2,2.1,,0,0,0,0,0,0,0,0,0,0,0,0,0,0,0,0,62,0,0,,,
Molly,20000904,4,18,3,0,,,,,,,,,,,,,,,,,,,,,,,
Molly,20000904,4,18,4,2,,0,2,0,0,0,0,1,1,0,0,0,0,0,0,0,0,16,0,0,,,
Molly,20000904,4,11,1,6.6,,0,1,5,0,0,0,2,0,0,0,0,0,0,0,0,0,8,0,3,,,
Molly,20000904,4,11,2,12.4,,0,0,0,1,0,1,22,2,3,0,0,0,0,0,0,0,15,100,3,,,
Molly,20000904,4,11,3,5,,0,2,2,0,0,1,1,1,0,0,0,0,0,0,0,0,8,0,0,,,
Molly,20000904,4,11,4,,,,,,,,,,,,,,,,,,,,,,,,
Molly,20000904,4,15,1,5,,0,0,1,0,0,0,2,0,0,0,0,0,0,0,0,0,14,0,0,,,
Molly,20000904,4,15,2,6.2,,0,0,3,1,0,0,5,1,1,0,0,0,0,0,0,0,8,0,0,,,
Molly,20000904,4,15,3,3,,0,2,3,0,0,5,2,0,0,0,0,0,0,0,0,0,12,0,0,,,
Molly,20000904,4,6,1,6.7,,0,0,1,0,0,6,4,0,1,0,0,0,0,0,0,0,4,0,2,,,
Molly,20000904,4,6,2,10,,0,0,1,1,0,0,3,9,4,0,0,0,0,0,0,0,4,0,2,,,
Molly,20000904,4,6,3,5.2,,0,15,2,0,0,0,12,0,0,0,0,0,0,0,0,1,3,0,1,,,
Molly,20000904,4,4,1,,eaten,,,,,,,,,,,,,,,,,,,,,,
Molly,20000904,4,4,2,,eaten,,,,,,,,,,,,,,,,,,,,,,
Molly,20000904,4,4,3,8.2,,0,0,12,0,0,10,12,1,0,0,0,0,0,0,0,1,0,0,1,,,
Molly,20000904,4,4,4,0,,,,,,,,,,,,,,,,,,,,,,,
Molly,20000904,4,9,1,0,,,,,,,,,,,,,,,,,,,,,,,
Molly,20000904,4,9,2,0,,,,,,,,,,,,,,,,,,,,,,,
Molly,20000904,4,12,1,6.3,,0,0,0,0,0,0,4,0,0,0,0,0,0,0,0,0,0,0,0,,,
Molly,20000904,4,12,2,0.8,,0,0,0,0,0,0,2,0,0,0,0,0,0,0,0,0,84,0,1,,,
Molly,20000904,4,13,1,16.2,,0,2,7,0,0,0,6,4,4,0,0,0,0,0,0,0,1,0,3,,,
Molly,20000904,4,13,2,2.2,,0,0,2,0,0,0,1,0,0,0,0,0,0,0,0,1,2,0,0,,,
Molly,20000904,4,13,3,5.2,,0,0,8,0,0,0,1,5,0,0,0,0,0,0,0,4,2,0,1,,,
Molly,20000904,4,1,1,2.5,,0,0,0,0,0,0,1,8,2,0,0,0,0,0,0,0,56,0,0,,,
Molly,20000904,4,1,2,0.5,,0,0,0,0,0,0,0,0,0,0,0,0,0,0,0,,,0,0,,,
Molly,20000904,4,1,3,1,,1,3,0,0,0,0,0,0,0,0,0,0,0,0,0,0,14,0,0,,,
Molly,20000904,4,5,1,10.6,,0,0,0,0,0,0,1,6,5,0,0,0,0,0,0,0,9,0,1,,,
Molly,20000904,4,5,2,21.6,,0,1,25,0,0,0,0,5,5,0,0,0,0,0,0,0,2,0,2,,,
Molly,20000904,4,5,3,5.4,,0,0,0,0,0,0,0,8,2,0,0,0,0,0,0,0,5,0,1,,,
Molly,20000904,4,8,1,3.1,,0,0,1,0,0,0,1,0,0,0,0,0,0,0,0,0,4,0,0,,,
Molly,20000904,4,8,2,0.2,,0,0,0,0,0,4,0,3,0,0,0,0,0,0,0,,,0,1,,,
Molly,20000913,1,1,1,3.2,,0,0,0,0,0,0,0,0,0,0,0,0,0,0,0,0,0,0,0,,,
Molly,20000913,1,2,1,3.2,,0,0,0,0,0,0,1,1,0,0,0,0,0,0,0,0,10,0,1,,,
Molly,20000913,1,3,1,6.1,,0,1,1,0,0,1,0,1,0,0,0,0,0,0,0,0,1,0,0,,,
Molly,20000913,1,4,1,0.5,,0,0,0,0,0,2,0,2,0,0,0,0,0,0,0,1,0,0,1,,,
Molly,20000913,1,5,1,4.1,,0,0,0,0,0,5,1,0,0,0,0,0,0,0,0,0,2,0,0,,,
Molly,20000913,1,6,1,,,,,,,,,,,,,,,,,,,,,,,,
Molly,20000913,1,7,1,2.1,,0,0,0,0,0,0,0,0,0,0,0,0,0,0,0,0,3,0,0,,,
Molly,20000913,1,8,1,8.9,,0,0,0,0,0,0,1,1,1,0,0,0,0,0,0,0,2,0,2,,,
Molly,20000913,1,9,1,6.7,,0,0,0,0,0,0,1,0,0,0,0,0,0,0,0,0,1,0,0,,,
Molly,20000913,1,10,1,13.8,,1,0,2,0,0,3,3,0,2,0,0,0,0,0,0,0,0,0,0,,,
Molly,20000913,1,11,1,29.2,,0,3,7,0,0,0,7,20,9,0,0,0,0,0,0,0,0,0,2,,,
Molly,20000913,1,12,1,4.7,,0,1,0,3,0,2,0,2,0,0,0,0,0,0,0,3,0,0,1,,,
Molly,20000913,1,13,1,,,,,,,,,,,,,,,,,,,,,,,,
Molly,20000913,1,14,1,12.1,,0,0,3,2,0,0,1,0,0,0,0,0,0,0,0,0,0,0,0,,,
Molly,20000913,1,15,1,0.7,,0,0,0,0,0,0,0,0,0,0,0,0,0,0,0,0,6,0,0,,,
Molly,20000913,1,16,1,2.5,,0,0,0,0,0,2,1,0,0,0,0,0,0,0,0,1,2,0,0,,,
Molly,20000913,1,17,1,11.1,,0,0,0,0,0,4,7,1,0,0,0,0,0,0,0,0,0,0,0,,,
Molly,20000913,1,18,1,2.9,,0,0,0,0,0,2,3,1,2,0,0,0,0,0,0,0,0,0,1,,,
Molly,20000913,1,19,1,20.3,,0,2,6,2,0,0,0,0,0,0,0,0,0,0,0,0,0,0,0,,,
Molly,20000913,1,20,1,4.7,,0,0,0,0,0,0,0,0,0,0,0,0,0,0,0,1,0,0,0,,,
Molly,20000913,2,1,1,4.1,,0,0,0,0,0,0,0,0,0,0,0,0,0,0,0,0,5,0,0,,,
Molly,20000913,2,2,1,6.4,,0,1,0,0,0,0,0,0,0,0,0,0,0,0,0,0,0,0,0,,,
Molly,20000913,2,3,1,3.3,,0,0,0,0,0,0,0,1,0,0,0,0,0,0,0,0,3,0,0,,,
Molly,20000913,2,4,1,6.5,,0,3,1,0,0,0,0,0,0,0,0,0,0,0,0,0,0,100,0,,,
Molly,20000913,2,5,1,8.8,,0,0,0,0,0,0,1,0,0,0,0,0,0,0,0,0,0,0,0,,,
Molly,20000913,2,6,1,18,,0,2,3,0,0,0,3,2,0,0,0,0,0,0,0,0,0,0,2,,,
Molly,20000913,2,7,1,14.2,,0,1,0,0,0,0,0,0,0,0,0,0,0,0,0,0,0,0,0,,,
Molly,20000913,2,8,1,4.2,,0,0,0,0,0,0,0,0,0,0,0,0,0,0,0,0,22,0,0,,,
Molly,20000913,2,9,1,8.4,,0,0,0,0,0,2,0,0,0,0,0,0,0,0,0,0,12,0,0,,,
Molly,20000913,2,10,1,20.8,,0,1,0,0,0,0,1,1,0,0,0,0,0,0,0,0,1,0,0,,,
Molly,20000913,2,11,1,9.2,,0,0,0,0,0,3,0,0,0,0,0,0,0,0,0,0,0,0,0,,,
Molly,20000913,2,12,1,7.1,,0,0,0,0,0,0,1,0,0,0,0,0,0,0,0,0,0,0,0,,,
Molly,20000913,2,13,1,8.5,,0,1,1,0,0,0,1,0,0,0,0,0,0,0,0,0,1,0,0,,,
Molly,20000913,2,14,1,5.4,,0,0,0,0,0,1,0,0,0,0,0,0,0,0,0,0,1,0,0,,,
Molly,20000913,2,15,1,1.9,,0,0,0,0,0,0,0,0,0,0,0,0,0,0,0,,,0,0,,,
Molly,20000913,2,16,1,6.4,,0,0,0,0,0,0,1,0,0,0,0,0,0,0,0,0,6,0,1,,,
Molly,20000913,2,17,1,8.3,,0,0,0,0,0,0,0,0,0,0,0,0,0,0,0,0,1,0,0,,,
Molly,20000913,2,18,1,0.5,,0,0,0,0,0,0,0,0,0,0,0,0,0,0,0,,,0,0,,,
Molly,20000913,2,19,1,3.2,,0,0,0,0,0,1,2,0,0,0,0,0,0,0,0,0,0,0,0,,,
Molly,20000913,2,20,1,12.4,,0,2,5,0,0,0,4,1,2,0,0,0,0,0,0,0,2,0,2,,,
Molly,20000913,3,1,1,6.6,,0,0,0,0,0,0,0,1,1,0,0,0,0,0,0,0,0,0,0,,,
Molly,20000913,3,2,1,23.2,,3,3,3,0,0,2,5,6,5,0,0,0,0,0,0,1,0,0,0,,,
Molly,20000913,3,3,1,3.1,,0,0,0,0,0,1,1,0,0,0,0,0,0,0,0,0,0,0,0,,,
Molly,20000913,3,4,1,7.6,,0,2,0,0,0,1,0,0,0,0,0,0,0,0,0,0,1,0,0,,,
Molly,20000913,3,5,1,3.3,,0,0,0,0,0,2,1,0,0,0,0,0,0,0,0,0,3,0,0,,,
Molly,20000913,3,6,1,24.3,,0,1,0,0,0,7,1,0,0,0,0,0,0,0,0,0,0,0,0,,,
Molly,20000913,3,7,1,12.8,,0,1,1,0,0,0,3,1,1,0,0,0,0,0,0,0,0,0,0,,,
Molly,20000913,3,8,1,2.2,,0,0,0,0,0,0,0,0,0,0,0,0,0,0,0,0,6,0,0,,,
Molly,20000913,3,9,1,10.3,,0,0,0,0,0,2,1,0,0,0,0,0,0,0,0,0,0,0,0,,,
Molly,20000913,3,10,1,29,,2,3,4,0,0,3,4,0,0,0,0,0,0,0,0,0,0,0,0,,,
Molly,20000913,3,11,1,10.7,,0,0,0,0,0,0,0,1,0,0,0,0,0,0,0,0,0,0,0,,,
Molly,20000913,3,12,1,16.4,,0,0,0,0,0,1,1,1,0,0,0,0,0,0,0,0,0,0,0,,,
Molly,20000913,3,13,1,2.1,,0,0,0,0,0,0,0,0,0,0,0,0,0,0,0,0,1,0,0,,,
Molly,20000913,3,14,1,1.5,,0,0,0,0,0,0,0,0,0,0,0,0,0,0,0,0,1,0,0,,,
Molly,20000913,3,15,1,4.1,,0,0,0,0,0,0,1,0,1,0,0,0,0,0,0,0,1,0,0,,,
Molly,20000913,3,16,1,8.8,,0,2,0,0,0,0,0,0,0,0,0,0,0,0,0,0,1,0,1,,,
Molly,20000913,3,17,1,7.7,,0,0,0,0,0,0,1,1,0,0,0,0,0,0,0,0,0,0,0,,,
Molly,20000913,3,18,1,1.5,,0,0,0,0,0,0,0,0,0,0,0,0,0,0,0,0,10,0,0,,,
Molly,20000913,3,19,1,14.3,,1,3,2,0,0,1,2,2,0,0,0,0,0,0,0,0,0,0,1,,,
Molly,20000913,3,20,1,12,,0,0,0,0,0,5,1,1,0,0,0,0,0,0,0,0,0,0,0,,,
Molly,20000913,4,7,1,11.3,,0,0,0,0,0,0,0,0,0,0,0,0,0,0,0,0,1,0,1,,,
Molly,20000913,4,7,2,,,,,,,,,,,,,,,,,,,,,,,,
Molly,20000913,4,2,1,7.8,,0,0,0,0,0,0,0,2,0,0,0,0,0,0,0,1,12,0,0,,,
Molly,20000913,4,2,2,0,,,,,,,,,,,,,,,,,,,,,,,
Molly,20000913,4,16,1,5,,4,16,1,0,0,0,3,1,0,0,0,0,0,0,0,0,0,0,1,,,
Molly,20000913,4,16,2,0,,,,,,,,,,,,,,,,,,,,,,,
Molly,20000913,4,16,3,15.5,,8,12,15,2,0,0,3,1,0,0,0,0,0,0,0,3,0,0,0,,,
Molly,20000913,4,16,4,0,,,,,,,,,,,,,,,,,,,,,,,
Molly,20000913,4,14,1,2.5,,0,0,0,0,0,2,2,0,0,0,0,0,0,0,0,0,7,0,0,,,
Molly,20000913,4,14,2,4.3,,0,0,1,0,0,0,0,0,0,0,0,0,0,0,0,0,0.5,0,0,,,
Molly,20000913,4,14,3,1,,0,0,0,0,0,0,0,0,0,0,0,0,0,0,0,0,0,0,0,,,
Molly,20000913,4,14,4,0.1,,0,0,0,0,0,0,0,0,0,0,0,0,0,0,0,,,,0,,,
Molly,20000913,4,14,5,0.1,,0,0,0,0,0,0,0,0,0,0,0,0,0,0,0,,,,0,,,
Molly,20000913,4,3,1,0,,,,,,,,,,,,,,,,,,,,,,,
Molly,20000913,4,3,2,0,,,,,,,,,,,,,,,,,,,,,,,
Molly,20000913,4,3,3,,,,,,,,,,,,,,,,,,,,,,,,
Molly,20000913,4,3,4,,,,,,,,,,,,,,,,,,,,,,,,
Molly,20000913,4,17,1,14.9,,2,1,5,0,0,0,1,1,2,0,0,0,0,0,0,0,0,0,0,,,
Molly,20000913,4,17,2,6.3,,3,5,6,0,0,1,4,0,0,0,0,0,0,0,0,1,0,0,0,,,
Molly,20000913,4,17,3,3.1,,0,8,0,0,0,13,6,0,0,0,0,0,0,0,0,0,0,0,0,,,
Molly,20000913,4,20,1,3.1,,0,1,1,0,0,3,1,0,0,0,0,0,0,0,0,0,0,0,0,,,
Molly,20000913,4,20,2,8.5,,0,1,0,1,0,4,1,0,0,0,0,0,0,0,0,0,0,0,1,,,
Molly,20000913,4,20,3,1.2,,0,14,0,0,0,0,1,1,0,0,0,0,0,0,0,0,0,0,0,,,
Molly,20000913,4,20,4,1.9,,2,0,0,0,0,0,0,0,0,0,0,0,0,0,0,0,0,0,0,,,
Molly,20000913,4,10,1,10.6,,0,0,0,0,0,0,0,0,0,0,0,0,0,0,0,0,2,0,0,,,
Molly,20000913,4,10,2,2.8,,0,1,3,0,0,2,3,4,0,0,0,0,0,0,0,0,7,0,0,,,
Molly,20000913,4,10,3,0,,,,,,,,,,,,,,,,,,,,,,,
Molly,20000913,4,10,4,0.8,,2,0,0,0,0,0,0,0,0,0,0,0,0,0,0,1,1,0,0,,,
Molly,20000913,4,18,1,1.4,,0,0,0,0,0,0,0,0,0,0,0,0,0,0,0,0,7,0,0,,,
Molly,20000913,4,18,2,1.4,,0,0,0,0,0,0,0,0,0,0,0,0,0,0,0,0,22,0,0,,,
Molly,20000913,4,18,3,,,,,,,,,,,,,,,,,,,,,,,,
Molly,20000913,4,18,4,0,,,,,,,,,,,,,,,,,,,,,,,
Molly,20000913,4,11,1,5.8,,0,1,4,0,0,0,1,1,0,0,0,0,0,0,0,0,1,0,1,,,
Molly,20000913,4,11,2,13.4,,0,1,2,0,0,0,13,2,0,0,0,0,0,0,0,0,14,0,1,,,
Molly,20000913,4,11,3,4.9,,0,3,2,0,0,0,6,3,2,0,0,0,0,0,0,0,2,0,0,,,
Molly,20000913,4,11,4,0,,,,,,,,,,,,,,,,,,,,,,,
Molly,20000913,4,15,1,4.2,,0,0,0,0,0,0,0,0,0,0,0,0,0,0,0,0,4,0,0,,,
Molly,20000913,4,15,2,4.6,,0,0,0,0,0,0,0,0,0,0,0,0,0,0,0,0,1,0,0,,,
Molly,20000913,4,15,3,3.1,,0,0,0,0,0,0,0,0,0,0,0,0,0,0,0,0,0,0,0,,,
Molly,20000913,4,15,4,1.4,,0,0,0,0,0,0,1,0,0,0,0,0,0,0,0,0,2,0,0,,,
Molly,20000913,4,6,1,6.4,,0,0,0,0,0,0,1,0,0,0,0,0,0,0,0,0,0,0,0,,,
Molly,20000913,4,6,2,10.7,,0,0,0,0,0,0,1,0,0,0,0,0,0,0,0,0,2,0,0,,,
Molly,20000913,4,6,3,6.2,,0,0,0,0,0,0,0,0,0,0,0,0,0,0,0,0,0,500,1,,,
Molly,20000913,4,4,1,,,,,,,,,,,,,,,,,,,,,,,,
Molly,20000913,4,4,2,,,,,,,,,,,,,,,,,,,,,,,,
Molly,20000913,4,4,3,7.1,,1,3,1,0,0,2,8,5,0,0,0,0,0,0,0,3,0,0,3,,,
Molly,20000913,4,4,4,3.7,,0,42,0,0,0,0,0,4,0,0,0,0,0,0,0,0,0,0,0,,,
Molly,20000913,4,9,1,,,,,,,,,,,,,,,,,,,,,,,,
Molly,20000913,4,9,2,,,,,,,,,,,,,,,,,,,,,,,,
Molly,20000913,4,12,1,0,,,,,,,,,,,,,,,,,,,,,,,
Molly,20000913,4,12,2,0.5,,0,0,0,0,0,0,0,0,0,0,0,0,0,0,0,0,11,0,0,,,
Molly,20000913,4,13,1,15.8,,1,2,2,0,0,1,1,1,0,0,0,0,0,0,0,0,1,0,0,,,
Molly,20000913,4,13,2,1.5,,0,0,0,0,0,1,0,0,0,0,0,0,0,0,0,0,1,0,0,,,
Molly,20000913,4,13,3,3.6,,0,0,5,0,0,2,2,1,0,0,0,0,0,0,0,5,5,0,0,,,
Molly,20000913,4,13,4,2.3,,0,0,1,0,0,0,0,0,0,0,0,0,0,0,0,0,5,0,0,,,
Molly,20000913,4,1,1,1.1,,0,0,0,0,0,0,0,0,0,0,0,0,0,0,0,0,6,0,0,,,
Molly,20000913,4,1,2,,,,,,,,,,,,,,,,,,,,,,,,
Molly,20000913,4,1,3,0.5,,0,0,0,0,0,0,0,0,0,0,0,0,0,0,0,0,4,0,0,,,
Molly,20000913,4,5,1,12.2,,0,0,0,0,0,2,5,3,0,0,0,0,0,0,0,1,0,0,1,,,
Molly,20000913,4,5,2,18.4,,2,1,0,0,0,0,0,0,0,0,0,0,0,0,0,0,0,0,0,,,
Molly,20000913,4,5,3,27.4,,0,0,0,0,0,0,5,2,0,0,0,0,0,0,0,0,6,0,1,,,
Molly,20000913,4,8,1,2.9,,0,0,0,0,0,0,0,0,0,0,0,0,0,0,0,0,7,0,0,,,
Molly,20000913,4,8,2,0,,,,,,,,,,,,,,,,,,,,,,,
Molly,20000913,4,19,1,10.7,,0,2,0,0,0,0,0,1,0,0,0,0,0,0,0,0,2,0,0,,,
Molly,20000913,4,19,2,6,,0,0,3,0,0,0,3,3,0,0,0,0,0,0,0,0,0,0,3,,,
Molly,20000913,4,19,3,2.2,,0,9,0,0,0,0,0,0,0,0,0,0,0,0,0,0,1,0,1,,,
